答卷编号,Q1_性别,Q2_工作年限,Q3_职称,Q4_职务,Q5_最高学历,Q7_您对医院护士执业环境的总体评价,Q8_护士有机会参与医院内部管理,Q9_护士能及时书写护理记录,Q10_护士在护理工作中使用护理程序,Q11_护理部领导平易近人,Q12_各级护士工作职责清晰,Q13_护士有机会参与医院管理决策,Q14_医院职能管理部门能够支持护士工作,Q15_护士长是一位优秀的管理者和领导者,Q16_科室的医生和护士工作关系融洽,Q17_当护士圆满完成工作时能获得鼓励和认可,Q18_医院积极实施护士岗位培训和继续教育计划,Q19_工作时有可遵循的标准的规章与流程,Q20_护理管理者支持护士的正确决策,Q21_医院管理部门期望各护理单元为患者提供高标准的护理服务,Q22_护理单元的护士配置能够满足临床护理工作需要,Q23_工作团队中的护士能够胜任护理工作,Q24_现有的工作时长与强度合适,Q25_护士排班能够体现能级搭配,Q26_护士工作能够得到社会的认可,Q27_护理团队有足够的时间和机会讨论患者的护理问题,Q28_通常情况下，科室骨干护士不会被频繁调动,Q29_医院护理用具的配备有利于提高护理工作效率,Q30_科室的医生护士能够各司其职、协调工作,Q31_护理管理者会与护士商讨日常的工作问题,Q32_护士有进修学习的机会或参加国内外学术活动/会议的机会,Q33_医院实行有益于对患者连续护理的患者分管方式,Q34_临床支持系统让护士有更多的时间护理患者,Q35_在工作中能够感受到患者对护士的信任与尊重,Q36_医院有清晰的护士职业发展路径或职称晋升体系,Q37_护士犯错误时，护理管理者更注重对其进行指导改进，而非一味地批评,Q38_医院的薪酬分配制度合理,Q39_护士在工作中能获得相应的职业防护,Q40_护士有机会成为医院或护理委员会的一员,Q41_护士薪酬在社会各行业所处水平合适,Q42_医院积极使用护理质量管理系统，促进质量持续改进,Q43_医院对新进护士有指导培训计划,Q44_医院有清晰的护士职业暴露后支持系统,Q45_医院的临床护理服务能够充分体现护理的专业性,Q46_护士能享受法定福利待遇（如：法定节假日轮休或加班补贴、假期、保险等）
511,女,1-5年,护士,护士,本科,100,95,95,95,95,95,60,60,85,90,90,95,95,95,95,80,80,90,90,80,80,80,70,80,100,30,90,50,80,0,100,50,50,0,80,60,100,100,100,100
510,女,1-5年,护士,护士,本科,100,95,80,70,70,70,30,30,90,90,60,80,80,60,80,70,90,70,80,70,70,50,50,70,100,100,100,10,100,100,1000,100,100,10,50,100,100,100,100,100
509,女,1-5年,护士,护士,本科,100,96,95,90,100,100,50,30,100,100,100,100,100,100,100,95,97,50,100,98,99,100,60,80,100,80,60,50,60,80,80,0,80,60,60,100,100,100,100,100
508,女,5-10年,护师,护士,本科,100,96,90,90,90,90,80,90,70,90,80,90,95,80,80,80,85,80,80,75,80,80,80,80,100,70,100,90,60,80,80,70,70,70,60,70,100,100,100,100
507,女,10-20 年,主管护师,护士长,本科,100,98,90,90,90,90,90,80,90,90,100,100,100,100,100,100,100,100,100,90,100,100,100,80,100,100,90,90,90,80,99,80,90,90,80,90,100,100,100,100
506,女,10-20 年,护师,护士长,本科,100,98,80,80,80,60,20,20,90,80,60,90,80,80,80,50,9,90,40,40,80,20,50,60,100,95,90,90,100,100,100,90,90,90,80,100,100,100,100,100
504,女,10-20 年,主管护师,护士长,本科,100,99,80,80,60,80,0,50,100,90,50,70,80,70,100,50,80,50,60,50,70,50,80,80,90,100,100,100,100,100,80,100,90,90,80,100,100,100,100,100
503,女,20年以上,主管护师,护士,中专,100,99,60,50,40,40,10,10,60,60,50,80,70,30,90,20,90,50,50,10,50,50,50,40,80,90,100,90,80,90,90,80,90,90,90,100,100,100,100,100
502,女,1-5年,护士,护士,大专,100,100,100,98,99,99,95,99,99,96,99,99,98,99,98,95,99,94,99,99,98,99,98,98,100,100,100,100,95,95,100,80,95,90,90,100,100,100,100,100
501,女,10-20 年,护师,护士,本科,100,100,90,80,70,50,70,50,70,40,20,50,40,40,90,30,50,20,50,30,20,80,10,20,100,90,100,1 00,100,100,90,90,90,90,90,100,100,100,100,100
500,女,1-5年,护士,护士,本科,100,100,60,60,50,60,0,0,100,90,50,70,80,60,50,50,90,50,60,50,50,50,60,80,100,90,100,90,80,100,90,80,90,90,100,100,100,100,100,100
499,女,1-5年,护士,护士,本科,100,100,95,96,80,90,40,80,90,85,85,100,100,85,100,90,95,60,85,65,90,90,80,95,98,98,100,100,100,98,98,95,98,98,95,100,100,100,100,100
498,女,5-10年,护师,护士,本科,100,100,50,50,100,80,40,40,80,80,85,70,90,100,90,50,90,85,85,85,85,85,85,75,100,100,100,100,0,100,0,0,100,100,0,100,100,100,100,100
497,女,1-5年,护士,护士,大专,100,100,90,90,60,60,70,60,80,80,80,100,100,70,70,40,100,30,50,70,50,40,40,80,100,100,100,100,100,100,100,100,100,100,70,100,100,100,100,100
496,女,1-5年,护士,护士,本科,100,100,100,100,70,100,10,80,100,100,100,100,100,100,100,100,100,90,100,10,100,100,100,100,100,100,100,90,80,100,100,80,100,100,80,100,100,100,100,100
495,女,1-5年,护士,护士,大专,100,100,100,100,90,100,60,60,80,80,80,90,90,80,90,50,100,80,90,50,80,80,80,80,100,80,100,100,90,80,100,80,90,100,80,100,100,100,100,100
494,女,5-10年,护师,护士,大专,100,100,90,60,100,80,50,80,60,60,80,90,80,80,90,50,60,70,60,60,60,90,70,80,100,100,100,100,100,100,100,80,90,100,80,100,100,100,100,100
493,女,1-5年,护士,护士,大专,100,100,100,90,90,90,90,80,90,90,80,90,100,100,100,50,90,90,100,50,50,50,50,50,100,93,100,96,98,100,100,95,100,100,90,100,100,100,100,100
492,女,5-10年,护师,护士,本科,100,100,95,100,100,95,95,90,95,100,100,100,100,100,100,95,100,100,100,90,90,95,100,100,100,80,100,100,100,100,100,80,100,100,90,100,100,100,100,100
491,女,5-10年,护师,护士,本科,100,100,90,85,90,85,80,80,90,85,90,90,90,90,90,80,80,90,85,75,75,80,70,80,100,100,100,100,100,100,100,100,100,100,90,100,100,100,100,100
490,女,10-20 年,主管护师,护士,本科,100,100,90,75,70,90,75,85,95,90,95,95,95,95,90,75,85,80,85,85,90,90,75,85,96,96,96,98,96,100,100,98,100,100,96,100,100,100,100,100
489,女,5-10年,护师,护士,本科,100,100,90,90,100,100,50,70,100,80,80,70,80,80,80,70,80,70,70,70,70,60,90,70,100,100,100,100,0,100,100,100,100,100,100,100,100,100,100,100
488,女,5-10年,护师,护士,大专,100,100,100,100,100,100,100,100,100,100,100,100,100,100,100,100,100,100,100,100,100,100,100,100,100,90,100,100,90,100,90,90,100,100,100,100,100,100,100,100
487,女,20年以上,护师,护士,大专,100,100,100,90,100,100,50,80,90,100,100,100,100,100,100,100,100,90,100,100,90,90,80,90,100,100,100,100,90,100,100,90,90,100,100,100,100,100,100,100
486,女,10-20 年,护师,护士,本科,100,100,100,100,100,100,100,100,100,100,100,100,100,100,100,100,100,100,100,100,100,100,100,100,100,100,100,100,100,100,96,100,96,100,100,100,100,100,100,100
485,女,5-10年,护师,护士,本科,100,100,90,90,90,50,0,0,0,0,0,100,90,0,100,0,90,0,0,0,0,0,50,50,100,100,100,100,100,100,100,100,100,100,100,100,100,100,100,100
484,女,5-10年,护士,护士长,本科,100,100,80,90,100,70,60,80,100,90,90,108,100,100,90,90,90,90,90,60,70,90,90,90,100,100,100,100,100,100,100,100,100,100,100,100,100,100,100,100
483,女,20年以上,主管护师,护士,大专,100,100,90,96,90,90,60,60,70,70,80,90,80,70,80,60,90,70,70,60,80,70,80,80,100,100,100,100,100,100,100,100,100,100,100,100,100,100,100,100
482,女,5-10年,护师,护士,本科,100,100,95,95,90,95,90,80,90,80,90,90,90,80,90,90,90,90,80,80,80,90,80,90,100,100,100,100,100,100,100,100,100,100,100,100,100,100,100,100
480,女,1-5年,护士,护士,本科,100,100,100,100,80,90,70,70,80,80,80,80,90,80,70,80,90,90,90,70,80,90,80,80,100,100,100,100,100,100,100,100,100,100,100,100,100,100,100,100
479,女,1-5年,护士,护士,大专,100,100,95,90,80,80,50,60,80,80,70,80,90,80,90,60,80,80,80,50,60,80,80,80,100,100,100,100,100,100,100,100,100,100,100,100,100,100,100,100
478,女,10-20 年,主管护师,护士长,本科,100,100,90,85,85,90,50,75,85,80,60,90,90,85,85,90,95,50,85,70,80,75,80,80,100,100,100,100,90,100,100,80,80,100,70,100,100,100,108,100
477,女,1-5年,护士,护士,大专,100,100,90,90,90,80,60,80,80,90,90,100,90,90,100,70,70,90,70,70,90,90,70,90,90,60,98,90,60,90,90,80,80,98,90,90,100,200,90,100
476,女,1-5年,护士,护士,本科,99,92,50,60,85,70,50,60,85,85,80,85,80,80,80,60,70,50,85,60,70,80,70,70,70,70,70,70,90,90,70,80,90,70,70,70,100,100,100,90
475,女,5-10年,护士,护士,本科,99,92,100,100,90,95,0,95,95,90,60,100,95,80,85,70,95,80,85,80,90,85,85,80,100,90,100,100,100,100,80,50,90,90,80,100,100,100,100,90
474,女,1-5年,护士,护士,本科,99,94,90,85,80,85,60,70,95,90,90,85,90,90,90,60,90,85,85,65,80,90,80,95,100,100,100,100,90,90,90,90,100,100,90,100,100,100,100,90
473,女,5-10年,护师,护士,本科,99,94,90,80,20,80,60,60,95,90,80,85,90,90,90,60,85,85,60,65,80,85,80,90,100,80,100,90,90,100,100,70,90,100,60,90,100,100,100,95
472,女,1-5年,护士,护士,大专,99,95,90,90,80,80,70,80,90,80,80,80,90,90,90,80,80,80,80,70,80,80,80,80,100,90,100,100,100,100,100,90,100,100,90,100,100,100,100,95
471,女,5-10年,护师,护士,本科,99,95,98,95,98,60,50,60,90,80,70,90,90,80,60,60,90,10,60,60,60,60,60,60,100,99,100,100,100,100,100,98,10,100,99,100,100,100,100,98
470,女,5-10年,护士,护士,本科,99,95,78,80,80,70,50,40,88,80,80,80,80,80,80,70,70,70,80,60,60,60,70,70,100,100,100,100,100,100,100,0,100,0,0,100,100,100,100,100
469,女,5-10年,护师,护士,本科,98,90,100,100,80,60,0,50,90,100,80,80,80,70,60,60,90,60,80,60,70,60,60,100,100,60,100,90,96,100,100,80,90,80,50,100,100,100,100,60
468,女,1-5年,护师,护士,本科,98,90,95,95,90,95,90,95,100,95,100,100,100,100,95,90,90,90,90,90,90,95,95,95,100,90,100,100,80,100,90,80,100,100,80,100,100,100,100,60
467,女,10-20 年,护师,护士,大专,98,90,60,60,80,70,50,40,90,80,80,70,60,60,60,20,90,0,80,0,10,90,60,60,100,90,100,70,90,100,100,70,90,100,90,100,100,100,100,60
466,女,20年以上,护师,护士,本科,98,90,70,100,99,90,0,50,100,80,100,100,100,80,100,0,70,100,90,75,50,100,90,90,100,100,95,100,100,95,100,100,100,100,90,95,100,100,100,80
465,女,1-5年,护师,护士,大专,98,90,90,80,75,80,70,65,80,80,75,80,85,75,80,76,80,60,70,60,60,70,70,75,100,100,100,100,100,90,90,90,90,100,100,100,100,100,100,80
464,女,5-10年,护士,护士,本科,98,90,80,70,90,8,40,50,100,9,80,80,90,90,8,60,70,7,90,70,70,70,80,60,95,90,90,50,90,80,90,20,80,50,20,80,100,100,100,90
463,女,1-5年,护士,护士,本科,96,90,90,80,90,90,40,30,90,80,40,90,90,80,100,60,95,70,90,40,60,40,60,60,100,50,100,100,10,80,100,0,100,10,0,100,100,100,100,0
461,女,10-20 年,护师,护士,本科,95,90,80,80,100,100,50,70,100,100,100,100,100,100,100,100,100,100,108,100,90,100,100,100,95,96,97,96,98,98,96,90,96,96,90,97,99,98,99,90
460,女,10-20 年,护师,护士,本科,95,90,60,60,80,60,0,10,80,80,80,80,80,60,80,60,80,80,70,60,60,80,80,80,96,97,98,97,96,99,98,96,97,99,95,100,100,98,99,100
459,女,10-20 年,护师,护士,本科,95,90,80,80,80,80,70,70,90,90,90,80,90,9,80,80,90,80,80,70,80,90,80,90,98,98,98,100,100,100,100,100,98,98,98,99,99,99,99,99
458,女,10-20 年,护师,护士,本科,95,90,90,90,80,80,70,70,80,90,80,80,80,80,70,80,90,80,90,90,80,80,80,80,85,80,90,80,50,90,90,89,90,99,80,90,99,99,99,99
457,女,1-5年,护士,护士,大专,95,90,80,80,80,60,60,60,70,70,60,100,90,60,80,80,90,80,70,50,70,60,70,70,99,99,99,99,99,99,99,99,99,99,96,99,99,99,99,99
456,女,1-5年,护士,护士,大专,95,90,100,100,100,100,90,98,100,100,98,98,98,98,98,100,100,100,100,100,98,98,100,100,99,99,99,99,95,99,99,99,99,99,99,99,99,99,99,99
455,女,20年以上,主管护师,护士,中专,95,90,80,60,90,80,0,50,80,90,60,60,80,80,80,0,80,30,30,30,10,70,20,80,50,0,20,60,20,60,50,20,60,90,0,50,100,100,50,100
454,女,20年以上,主管护师,护士长,大专,95,90,80,80,80,60,60,60,70,80,60,100,90,60,70,80,90,80,70,50,70,60,70,70,85,90,90,80,80,70,80,50,90,60,70,70,90,100,80,50
452,女,1-5年,护士,护士,本科,95,90,70,70,60,50,60,50,70,70,60,100,80,50,70,70,80,70,70,60,60,50,70,70,90,80,80,80,70,80,80,60,100,80,60,80,100,100,80,60
451,女,10-20 年,护师,护士,本科,95,90,95,92,100,95,90,95,98,95,95,93,96,95,95,92,94,93,94,93,92,93,96,95,100,80,100,80,70,80,100,100,100,100,100,100,100,100,80,70
450,女,1-5年,护士,护士,大专,95,90,40,50,70,50,10,0,0,10,40,50,50,40,80,40,50,40,40,40,40,50,30,50,80,70,90,90,90,90,90,60,90,80,70,95,100,100,90,50
449,女,5-10年,护师,护士,本科,95,90,85,80,60,95,40,20,95,85,60,60,90,70,95,20,100,40,60,20,100,70,90,95,100,100,100,100,80,90,90,50,90,50,80,90,90,100,90,90
448,男,1-5年,护士,护士,大专,95,90,95,90,80,90,75,70,95,109,90,80,99,80,85,75,95,70,85,60,70,90,85,90,100,95,95,90,85,90,100,85,90,90,85,90,100,100,95,80
447,女,5-10年,护师,护士,本科,95,90,70,70,40,70,10,10,80,90,80,60,70,70,10,20,60,20,70,60,40,10,20,60,100,100,98,96,98,100,98,95,98,100,95,100,100,100,95,100
446,女,5-10年,护师,护士,本科,95,90,97,100,100,100,96,98,100,100,100,100,100,100,100,95,100,100,99,98,100,99,95,99,98,90,98,100,90,90,100,80,90,90,80,90,100,100,98,98
445,女,5-10年,护师,护士,本科,95,90,70,70,70,80,60,50,80,80,70,70,70,70,80,50,80,80,80,50,50,80,70,80,100,90,95,98,90,95,90,95,100,90,90,90,100,100,98,100
444,女,5-10年,护师,护士,本科,92,90,100,100,100,100,90,90,100,100,100,100,100,100,100,100,100,100,100,90,100,100,100,100,98,98,98,96,98,96,97,97,98,97,96,98,97,98,97,99
443,女,10-20 年,主管护师,护士,本科,92,90,90,90,80,80,40,40,80,90,80,80,80,70,80,60,80,80,80,70,60,70,70,70,98,98,98,95,90,95,95,90,95,95,90,98,100,98,98,98
442,女,5-10年,护士,护士,本科,90,80,100,100,100,100,50,80,100,90,100,90,100,100,100,90,100,90,100,80,90,100,90,90,85,80,85,80,85,85,90,85,80,85,60,85,90,90,85,60
441,女,10-20 年,主管护师,护士,本科,90,80,100,95,100,95,80,70,100,90,80,60,90,80,60,80,78,60,90,50,80,82,55,90,95,80,95,70,70,70,80,80,85,85,40,90,100,90,85,85
440,女,10-20 年,主管护师,护士,本科,90,80,95,90,60,90,60,60,90,98,90,98,95,95,98,60,98,90,90,80,90,60,80,95,86,90,70,70,70,88,86,60,60,70,74,86,99,90,86,82
439,女,1-5年,护师,护士,大专,90,80,95,95,90,90,5,70,60,60,70,80,90,80,80,75,80,90,90,50,65,90,70,80,90,90,90,90,90,90,90,85,90,85,50,90,90,90,90,0
438,女,5-10年,护师,护士,大专,90,80,90,100,100,，100,100,100,100,100,90,100,100,100,100,100,100,90,90,95,100,90,100,100,80,90,80,80,80,90,90,50,80,90,50,90,90,90,90,50
437,女,1-5年,护士,护士,本科,90,80,100,100,100,100,85,85,100,95,100,100,100,100,95,95,96,85,98,95,86,91,90,90,90,85,90,90,70,90,90,60,80,80,60,80,90,90,90,60
436,女,10-20 年,护师,护士,本科,90,80,100,100,90,100,60,70,100,90,90,90,100,100,90,80,100,90,100,70,80,80,90,98,97,90,99,90,90,90,90,40,80,90,40,90,90,90,90,60
435,女,10-20 年,护师,护士,本科,90,80,100,100,100,100,10,60,90,95,90,95,95,90,90,70,90,80,85,40,80,90,85,85,100,90,90,85,80,90,100,90,90,80,80,80,100,90,90,70
434,女,1-5年,护士,护士,大专,90,80,95,95,95,95,95,95,95,95,100,95,95,95,95,95,95,90,95,95,95,95,95,95,85,70,90,90,90,90,90,70,90,80,80,90,100,90,90,70
433,女,5-10年,护师,护士,大专,90,80,90,95,100,100,80,85,100,100,95,100,98,80,98,80,100,70,100,95,95,90,95,100,90,88,99,92,88,90,90,78,90,88,78,90,90,90,90,78
432,女,5-10年,护师,护士,本科,90,80,100,80,80,100,60,80,100,100,100,100,100,80,70,50,100,60,80,80,80,80,90,100,90,80,100,90,80,80,80,60,70,70,60,90,100,90,90,80
431,男,1-5年,护士,护士,本科,90,80,95,90,95,95,90,95,100,95,95,95,100,95,95,100,100,90,90,90,90,95,95,100,90,90,90,80,70,90,80,90,80,70,80,90,99,90,90,80
430,女,5-10年,护师,护士,本科,90,80,95,98,98,97,98,96,96,97,98,98,97,96,98,97,98,97,98,98,97,97,98,98,80,90,80,80,60,90,80,60,80,80,40,80,90,90,90,80
428,女,1-5年,护师,护士,本科,90,80,100,100,100,100,90,90,100,90,90,100,100,90,90,90,100,90,90,90,90,90,90,90,90,90,80,80,80,80,80,80,80,80,70,80,90,90,90,80
427,女,10-20 年,护师,护士,本科,90,80,100,100,100,100,80,80,90,80,90,90,90,100,90,90,90,90,90,80,90,80,80,80,95,80,80,80,90,80,90,80,85,80,80,85,95,90,90,80
426,女,5-10年,护师,护士,本科,90,80,70,90,95,60,0,0,80,40,60,70,80,80,70,70,70,80,60,70,50,80,80,80,90,80,80,90,60,90,80,60,80,90,60,90,90,90,90,80
425,女,5-10年,护师,护士,大专,90,80,95,90,70,90,65,60,95,90,65,95,95,90,95,70,97,90,85,90,80,85,80,80,95,70,90,90,90,90,95,70,90,90,70,90,95,90,90,80
424,女,5-10年,护师,护士,本科,90,80,90,60,60,80,70,60,90,90,80,80,80,50,50,30,80,60,50,60,60,50,60,80,90,80,80,80,80,80,80,80,90,90,80,90,100,90,90,80
423,女,20年以上,主管护师,护士,本科,90,80,100,100,95,98,70,80,100,98,95,95,95,95,95,90,98,98,95,92,90,90,90,95,99,90,90,90,80,80,99,90,80,90,90,90,90,90,90,80
421,女,5-10年,护师,护士,本科,90,80,100,100,100,30,30,90,90,70,90,108,100,100,100,60,80,100,50,50,90,100,100,100,95,90,100,90,90,90,90,89,90,90,90,90,100,90,90,80
420,女,5-10年,护士,护士,大专,90,80,90,90,60,90,50,60,80,60,80,80,80,70,80,60,80,70,70,60,80,60,80,80,90,90,90,90,90,90,90,90,90,90,90,90,90,90,90,80
419,女,5-10年,护师,护士,本科,90,80,100,100,100,100,80,80,100,100,90,100,100,100,100,100,100,100,100,80,90,90,100,100,90,92,90,90,90,90,95,90,88,90,90,88,98,90,90,80
418,女,5-10年,护士,护士,本科,90,80,80,80,75,60,40,70,60,80,80,80,80,90,80,60,70,70,80,80,80,70,90,60,95,90,90,70,90,80,90,80,90,95,80,90,90,90,90,80
417,女,5-10年,护师,护士,本科,90,80,100,98,100,98,60,99,100,100,100,100,100,100,100,95,98,98,100,95,95,100,98,100,80,80,80,90,90,90,90,80,90,90,80,80,90,90,90,85
416,女,10-20 年,护师,护士,本科,90,80,90,85,90,90,70,70,88,85,85,90,90,85,90,70,85,80,85,70,80,70,80,85,70,60,80,80,80,80,70,10,50,50,10,60,90,90,90,90
415,女,5-10年,护师,护士,本科,90,80,100,80,90,100,60,60,100,80,80,100,100,80,100,90,100,70,90,70,80,100,80,100,90,90,90,50,90,90,50,10,50,50,80,50,90,90,90,90
414,女,5-10年,护师,护士,本科,90,80,90,100,80,80,70,60,80,90,70,100,100,70,70,60,90,100,60,100,100,80,80,100,90,90,80,80,80,50,80,0,100,60,0,100,100,90,90,90
413,女,5-10年,护师,护士,本科,90,80,90,60,100,90,0,0,100,90,100,100,100,60,100,60,80,80,60,60,50,0,60,80,90,80,98,80,70,98,98,80,98,70,60,90,99,90,90,90
412,女,10-20 年,护师,护士,本科,90,80,50,60,70,70,50,50,70,60,80,60,60,80,80,60,70,50,60,60,60,50,60,60,90,80,80,70,80,80,95,60,80,80,60,90,90,90,90,90
411,女,1-5年,护士,护士,大专,90,80,80,80,90,85,75,80,90,90,85,90,90,90,85,70,80,85,70,70,70,80,80,80,80,80,80,90,90,90,90,50,80,80,70,90,100,90,90,90
410,女,10-20 年,护师,护士,本科,90,80,100,90,95,75,10,80,100,78,0,96,65,95,100,0,96,100,100,45,85,100,75,64,90,90,90,90,90,90,90,80,90,80,80,90,90,90,90,90
409,女,5-10年,护师,护士,本科,90,80,80,70,100,80,60,60,90,80,80,90,90,80,80,70,90,60,80,70,80,100,80,80,90,90,85,85,85,85,85,80,85,85,85,90,95,90,90,90
408,女,1-5年,护士,护士,本科,90,80,100,92,90,100,10,40,100,98,99,100,100,100,100,70,100,95,98,30,90,99,100,100,90,90,90,90,90,90,90,85,90,85,90,90,90,90,90,90
407,女,1-5年,护士,护士,大专,90,80,100,100,90,100,10,60,100,100,100,100,100,100,100,90,100,95,100,100,90,90,90,100,100,90,90,90,90,80,90,50,90,90,50,90,90,90,90,90
406,女,5-10年,护师,护士,本科,90,80,95,80,90,30,30,30,95,90,80,90,90,80,90,60,60,60,80,50,60,80,50,60,90,90,70,70,80,80,90,60,90,90,80,90,100,90,90,90
405,女,1-5年,护师,护士,本科,90,80,80,90,100,80,70,80,96,95,85,100,100,85,90,50,90,90,98,80,88,90,90,96,90,80,90,80,85,90,90,70,70,90,80,90,90,90,90,90
404,女,5-10年,护师,护士,本科,90,80,90,90,95,90,80,80,95,95,95,100,100,95,100,80,90,90,95,90,80,90,90,90,90,90,90,90,90,90,90,85,90,90,85,90,90,90,90,90
403,女,20年以上,主管护师,护士,中专,90,80,80,80,60,80,60,70,70,70,70,70,70,70,60,70,70,70,70,60,70,70,70,70,90,80,90,80,80,90,90,90,90,90,90,90,90,90,90,90
402,女,10-20 年,护师,护士,本科,90,80,100,100,100,100,60,80,90,90,80,100,100,70,100,70,100,90,100,80,80,90,90,100,90,90,90,90,90,90,90,90,90,90,90,90,90,90,90,90
401,女,5-10年,护师,护士,本科,90,80,100,100,90,90,90,90,90,90,80,90,90,90,90,90,90,80,80,80,90,90,90,90,90,90,90,90,95,90,90,90,90,90,90,90,90,90,90,90
400,女,5-10年,护师,护士,本科,90,80,100,100,108,108,60,80,100,100,80,100,100,60,100,70,100,80,100,80,80,90,90,90,96,96,95,94,94,98,90,96,92,90,90,90,94,90,90,90
399,女,5-10年,护师,护士,本科,90,80,90,85,60,85,60,50,95,85,70,85,85,72,85,65,90,70,85,60,60,70,65,85,90,85,90,90,60,100,90,50,90,85,70,90,100,90,90,95
398,女,20年以上,护师,护士长,本科,90,80,90,90,90,100,10,50,100,90,90,100,100,90,100,10,90,10,100,10,80,80,80,80,85,85,85,90,90,90,90,85,90,85,80,90,95,90,90,95
397,女,10-20 年,护师,护士,本科,90,80,90,90,100,95,95,90,100,100,95,90,90,95,95,90,95,95,95,95,90,96,90,95,90,90,90,90,90,95,90,90,90,90,90,90,95,90,90,95
396,女,1-5年,护士,护士,本科,90,80,100,100,99,100,80,90,100,100,99,100,100,80,100,80,100,100,100,80,100,90,100,100,99,90,90,90,90,99,99,88,90,90,90,90,96,90,90,99
395,女,1-5年,护士,护士,大专,90,80,100,100,100,100,100,100,100,100,100,100,100,100,100,100,100,100,100,100,100,100,100,100,90,0,91,80,20,50,50,0,50,30,0,50,100,90,90,100
394,女,1-5年,护师,护士,本科,90,80,100,100,100,100,60,60,100,100,100,100,100,60,100,70,100,80,100,60,100,80,80,100,70,80,100,60,70,60,70,20,100,80,60,80,100,90,90,100
393,女,5-10年,护师,护士,本科,90,80,90,90,70,90,0,80,50,70,70,80,90,0,100,60,90,80,70,50,50,60,60,60,90,80,80,80,80,90,90,90,80,80,80,80,100,90,90,100
392,女,1-5年,护士,护士,本科,90,80,95,95,90,90,80,70,90,85,90,90,85,90,80,75,90,85,80,70,90,70,80,80,96,90,90,70,80,90,90,60,90,90,60,90,100,90,90,100
391,女,5-10年,护师,护士,本科,90,80,80,95,50,100,10,50,80,80,75,100,100,80,100,40,95,50,60,75,50,80,80,80,100,90,90,90,90,100,100,90,90,90,90,90,100,90,90,100
390,女,5-10年,护师,护士,大专,90,85,100,100,100,100,100,100,100,100,100,100,100,100,100,100,100,100,100,100,100,100,100,100,100,100,90,90,80,80,90,90,100,100,90,90,90,90,90,100
389,女,5-10年,护师,护士,本科,90,85,70,70,80,80,40,50,70,70,70,70,80,80,70,70,80,50,90,70,70,70,70,60,100,100,100,100,100,100,90,80,100,100,90,100,90,90,90,100
388,女,5-10年,护师,护士,本科,90,85,90,96,90,98,50,50,98,96,96,98,99,99,98,90,99,98,98,99,90,98,98,98,88,90,92,92,90,90,90,85,90,88,80,90,92,90,92,90
387,女,1-5年,护师,护士,本科,90,85,90,80,60,80,50,60,80,80,80,80,90,70,90,70,80,80,80,60,60,70,70,80,100,60,95,98,70,90,95,10,30,10,40,80,95,90,95,70
385,女,1-5年,护师,护士,本科,90,85,60,60,50,50,0,20,85,70,70,100,90,60,100,20,80,10,50,20,80,80,50,80,96,86,98,70,70,90,70,50,60,60,60,70,80,90,98,80
383,女,5-10年,护师,护士,本科,90,85,100,100,100,100,80,100,100,100,100,100,100,100,100,80,100,90,100,80,90,90,90,100,90,100,90,80,80,90,90,70,70,80,70,70,100,90,100,50
382,女,1-5年,护士,护士,大专,90,85,70,80,80,80,50,40,80,70,75,75,75,75,65,50,75,50,75,60,70,50,65,65,100,80,50,40,70,50,40,0,60,50,50,80,100,90,100,70
381,女,10-20 年,护师,护士,大专,90,85,100,90,100,100,0,60,100,90,80,100,100,90,95,50,90,90,90,80,90,90,70,90,90,100,100,100,90,100,100,90,90,90,50,80,100,90,100,70
380,女,1-5年,护士,护士,本科,90,85,80,50,80,80,0,50,90,80,70,90,80,80,80,60,80,70,70,80,80,80,80,80,100,100,100,90,80,100,95,70,90,95,70,100,100,90,100,70
377,女,5-10年,护师,护士,本科,90,89,90,80,80,80,60,70,80,90,80,100,90,70,98,60,90,50,80,60,80,90,80,90,92,100,90,90,90,96,95,80,100,100,90,90,92,90,100,85
376,女,1-5年,护士,护士,大专,90,90,100,90,90,90,60,20,80,80,70,95,90,90,95,70,80,80,90,70,80,75,70,80,80,80,100,80,80,80,90,90,70,70,80,80,100,90,100,90
375,女,10-20 年,主管护师,护士长,本科,90,90,100,100,99,99,99,99,100,99,99,99,99,99,99,99,99,99,99,95,99,99,99,99,100,100,100,100,10,80,90,80,90,80,80,100,100,90,100,90
374,女,5-10年,护师,护士,本科,90,90,90,90,80,90,70,80,90,90,80,90,90,80,80,80,80,80,80,80,80,80,80,80,80,80,50,80,50,60,60,50,50,50,50,100,100,90,100,100
373,女,5-10年,护师,护士,本科,90,90,100,100,90,100,0,90,100,100,100,100,100,100,100,80,90,80,90,90,90,80,90,100,90,60,80,80,50,90,90,80,80,70,70,60,100,90,100,100
372,女,1-5年,护士,护士,大专,90,90,100,100,100,90,90,95,100,100,100,100,100,100,100,100,100,100,100,90,100,100,90,100,90,90,90,90,90,100,90,90,90,80,80,90,90,90,100,100
370,女,10-20 年,主管护师,护士,本科,90,90,95,80,90,95,50,50,80,90,80,70,90,90,90,50,100,40,80,60,50,50,60,70,90,90,90,100,90,90,100,80,90,80,80,90,100,90,100,100
369,女,1-5年,护士,护士,大专,90,90,90,98,98,98,95,95,100,100,98,100,100,98,98,90,98,98,98,90,95,95,95,98,100,100,95,96,96,90,92,90,90,90,90,96,95,92,92,90
368,女,1-5年,护士,护士,本科,90,90,100,100,100,95,75,90,95,90,90,100,100,100,100,60,95,70,95,80,95,100,90,95,96,93,94,93,93,94,95,92,93,93,93,92,94,92,93,94
367,女,5-10年,护师,护士,本科,90,90,99,95,90,90,50,60,80,80,80,80,80,70,80,80,95,60,85,50,80,70,60,70,96,94,92,93,95,95,94,85,95,92,90,91,93,92,95,95
366,女,5-10年,护师,护士,大专,90,90,95,80,100,90,60,70,90,90,90,95,90,90,80,75,90,65,85,85,85,80,70,90,85,80,80,70,80,80,80,30,90,60,50,75,95,95,85,60
365,女,1-5年,护士,护士,大专,90,90,0,80,100,100,0,0,80,100,100,100,80,80,0,0,100,50,50,100,60,100,80,100,80,50,80,75,80,80,80,70,70,70,70,80,100,95,85,90
364,女,1-5年,护士,护士,本科,90,90,80,80,80,80,0,70,90,80,90,70,80,90,80,20,90,70,80,20,70,20,70,70,90,90,90,100,100,90,100,85,90,90,90,90,90,95,90,85
363,女,1-5年,护士,护士,大专,90,90,80,70,80,70,60,60,80,100,100,90,100,100,100,80,80,80,90,70,70,70,80,95,90,90,90,90,80,85,90,80,90,80,80,90,95,95,90,90
362,女,1-5年,护士,护士,大专,90,90,90,90,90,90,90,90,95,90,90,90,90,90,90,90,90,95,95,90,90,90,90,90,98,95,95,95,98,95,95,90,90,90,90,95,95,95,95,90
361,女,20年以上,主管护师,护士长,本科,90,90,90,90,90,90,0,50,50,60,50,90,95,70,95,80,90,80,80,30,60,60,80,80,100,100,95,95,95,90,90,85,85,90,90,95,100,95,95,95
360,女,1-5年,护士,护士,本科,90,90,80,80,60,80,60,60,80,80,80,100,100,80,90,70,95,60,70,50,80,75,80,80,95,95,95,95,95,95,95,95,95,95,95,95,95,95,95,95
359,女,1-5年,护士,护士,大专,90,90,85,85,70,95,60,60,90,85,90,90,90,90,90,65,90,60,90,50,70,75,80,80,95,95,95,90,90,90,90,95,90,90,80,90,100,95,95,100
358,女,10-20 年,护师,护士,中专,90,90,100,100,100,100,80,100,70,100,100,100,100,100,100,100,100,100,100,100,100,100,80,100,100,100,100,95,95,95,100,90,90,90,90,100,100,95,100,95
357,女,10-20 年,护师,护士,本科,90,90,100,98,95,90,60,60,96,80,60,90,100,50,80,20,90,60,60,70,80,90,80,80,82,80,90,86,80,95,89,80,89,75,80,96,100,98,95,85
356,女,5-10年,护师,护士,本科,90,90,70,60,80,70,80,70,80,60,80,80,80,80,70,90,80,80,70,60,80,80,70,80,95,90,95,95,90,95,98,95,100,95,95,95,98,98,95,98
355,女,1-5年,护士,护士,本科,90,90,98,90,90,90,80,80,90,96,90,90,98,90,90,90,92,80,90,80,90,90,90,90,97,96,97,98,98,98,97,95,98,97,95,98,98,98,97,98
354,女,5-10年,护师,护士,本科,89,80,80,80,50,90,0,80,0,90,0,90,80,50,90,50,100,80,50,0,50,50,50,90,88,90,80,70,68,90,92,60,65,80,72,88,99,90,82,80
353,女,5-10年,护师,护士,本科,88,80,100,8,90,90,80,70,90,80,70,80,80,70,80,60,80,60,80,60,70,70,70,70,70,70,70,90,70,60,60,50,70,100,70,70,100,90,80,90
352,女,1-5年,护士,护士,本科,85,80,100,90,100,100,80,90,99,100,90,100,100,90,90,80,90,80,90,100,90,90,80,90,50,10,60,40,80,30,50,10,80,30,10,80,90,90,70,20
351,女,10-20 年,主管护师,护士,本科,85,80,100,60,80,50,20,70,80,90,70,90,100,80,80,90,80,80,80,80,80,100,80,80,70,60,70,70,70,80,70,60,80,70,60,70,90,90,70,90
350,女,5-10年,护师,护士,本科,85,80,90,100,100,50,50,50,80,80,80,100,90,100,100,100,90,70,90,80,100,90,70,90,100,90,90,50,90,80,90,50,90,90,90,80,90,90,80,0
349,女,10-20 年,护师,护士,本科,85,80,100,100,100,100,90,92,100,98,100,96,98,98,95,95,98,92,96,90,96,100,90,92,60,50,20,30,20,20,80,10,70,80,60,80,90,90,80,50
348,女,1-5年,护师,护士,大专,85,80,90,90,70,90,60,60,80,70,60,60,80,70,60,60,80,70,70,60,60,70,60,70,95,50,30,30,60,55,85,0,50,0,15,90,95,90,80,70
347,男,5-10年,护士,护士,本科,85,80,100,80,90,80,0,80,90,90,90,100,100,90,90,60,90,80,100,50,50,100,90,90,90,90,80,60,80,70,90,80,80,50,80,80,90,90,80,80
346,女,1-5年,护士,护士,本科,85,80,90,90,100,90,40,50,100,80,100,90,90,100,90,60,70,80,100,80,80,90,90,80,85,85,95,80,80,85,85,30,90,80,50,80,95,90,80,80
345,女,1-5年,护士,护士,本科,85,80,100,90,90,85,60,80,90,80,80,90,90,80,80,80,80,80,80,80,90,90,90,70,80,80,80,30,30,80,90,30,80,80,80,70,80,90,80,80
344,女,5-10年,护师,护士,本科,85,80,90,90,60,90,60,60,85,60,60,60,60,60,80,60,90,60,60,60,95,60,60,60,80,70,80,70,80,70,80,70,80,70,70,70,80,90,80,90
343,女,20年以上,主管护师,护士,大专,85,80,90,90,80,90,60,60,90,80,80,80,70,70,70,60,80,70,70,60,60,90,80,80,80,70,80,70,90,100,90,60,70,80,70,90,100,90,80,90
342,女,5-10年,护师,护士,本科,80,60,80,50,20,50,30,50,60,70,50,60,90,0,50,20,80,0,30,0,50,60,30,80,60,60,60,60,60,60,70,60,60,60,50,60,80,80,60,80
341,女,5-10年,护师,护士,本科,80,60,95,95,95,99,85,85,90,85,85,90,80,85,85,80,90,60,80,70,70,85,75,75,90,70,70,60,60,60,80,20,50,40,20,50,90,80,70,30
340,女,5-10年,护师,护士,本科,80,60,100,100,100,100,100,100,1 0,100,100,100,100,100,90,90,100,90,100,100,100,90,90,100,60,60,70,60,50,50,80,50,70,50,50,70,80,80,70,50
339,女,1-5年,护师,护士,本科,80,60,70,70,60,80,0,0,80,80,80,90,70,70,80,30,70,50,60,10,20,20,40,60,70,10,50,70,60,80,40,40,50,50,40,80,80,80,70,60
338,女,1-5年,护士,护士,大专,80,60,100,100,100,100,100,100,100,100,100,100,100,100,100,100,100,100,100,100,100,100,100,100,80,70,80,79,40,80,40,50,60,70,40,70,70,80,70,60
336,女,5-10年,护师,护士,本科,80,60,90,100,90,90,90,90,90,90,90,90,90,90,90,90,90,90,90,90,90,90,90,90,90,60,70,70,70,80,70,60,70,70,70,80,90,80,70,60
335,女,5-10年,护师,护士,本科,80,60,100,90,80,90,50,50,90,90,90,90,90,90,70,70,90,80,70,70,70,90,80,80,70,70,70,80,80,90,60,70,80,80,60,60,80,80,70,60
334,女,5-10年,护师,护士,本科,80,60,100,100,60,100,0,70,70,90,70,100,100,80,100,80,90,80,80,80,70,100,80,90,80,50,70,70,60,70,80,50,60,70,70,70,80,80,70,70
333,女,1-5年,护师,护士,本科,80,60,90,90,95,90,90,85,95,95,90,90,90,90,95,85,90,85,90,85,85,90,85,90,80,80,80,80,80,80,80,80,80,80,80,70,80,80,70,70
332,女,1-5年,护士,护士,大专,80,60,90,95,95,95,85,85,90,85,90,90,90,85,90,80,85,85,85,80,80,85,80,80,70,60,60,70,60,70,60,50,70,60,60,70,70,80,70,80
331,女,5-10年,护师,护士,本科,80,60,95,95,90,85,50,70,95,95,90,90,90,90,90,70,90,90,90,80,80,85,80,90,95,70,60,65,65,75,85,60,80,70,60,80,90,80,70,80
330,女,5-10年,护师,护士,本科,80,60,90,100,100,90,50,90,100,90,90,95,100,10,100,80,100,90,90,80,90,90,90,90,80,70,70,70,60,80,80,70,75,60,60,70,85,80,70,85
329,女,10-20 年,护师,护士,大专,80,60,90,80,70,90,60,40,90,99,80,70,100,99,90,0,95,60,80,60,90,90,80,80,80,70,70,80,80,75,75,60,70,80,50,70,90,80,70,90
328,女,1-5年,护士,护士,本科,80,60,100,100,80,85,0,0,10,90,50,100,90,75,95,50,100,75,50,50,100,80,85,95,80,70,90,80,80,80,90,70,60,70,70,80,90,80,70,95
327,女,5-10年,护师,护士,本科,80,60,95,90,90,95,60,80,85,90,85,95,95,85,95,80,95,90,90,60,95,80,90,95,80,75,85,50,62,0,75,50,82,70,70,82,75,80,75,60
325,女,1-5年,护师,护士,本科,80,60,95,90,95,95,60,80,85,90,85,95,95,85,95,80,95,90,90,70,95,80,90,95,20,40,50,10,10,40,10,10,50,60,30,70,80,80,80,10
324,男,1-5年,护士,护士,本科,80,60,100,98,100,100,60,65,90,85,85,90,100,95,100,95,95,90,90,60,70,90,85,95,100,50,50,50,70,0,80,50,0,50,0,50,100,80,80,20
323,女,5-10年,护师,护士,本科,80,60,90,90,100,100,90,90,100,100,100,100,100,100,100,100,100,100,100,98,95,100,100,100,60,70,80,80,80,80,80,50,80,50,50,80,80,80,80,30
322,女,1-5年,护师,护士,大专,80,60,100,100,80,80,60,80,85,80,85,90,90,100,80,50,60,50,80,80,50,60,60,80,90,60,80,70,80,90,90,0,30,50,20,80,100,80,80,40
320,女,1-5年,护师,护士,本科,80,60,100,100,100,100,50,60,100,100,100,100,100,80,100,60,100,60,100,80,100,100,100,100,90,86,80,85,80,80,80,50,80,80,65,60,78,80,80,40
319,女,10-20 年,护师,护士,本科,80,60,90,90,90,90,40,50,90,80,50,80,80,85,50,45,90,85,80,20,85,85,80,80,80,80,80,80,80,80,80,50,60,50,60,80,80,80,80,50
318,女,1-5年,护士,护士,本科,80,60,96,90,99,99,50,80,100,99,90,90,90,90,99,60,90,80,90,70,60,70,70,90,80,80,80,70,80,80,80,50,50,70,50,80,80,80,80,50
317,女,5-10年,护士,护士,大专,80,60,90,80,70,80,80,80,80,80,80,70,70,70,70,60,80,60,70,80,60,80,70,60,80,50,80,70,70,70,70,60,80,90,70,80,90,80,80,50
316,女,5-10年,护师,护士,本科,80,60,100,90,90,90,60,60,100,70,80,80,80,95,60,70,95,95,90,60,60,90,80,70,80,80,80,70,70,70,80,60,70,50,50,60,70,80,80,60
315,女,10-20 年,护师,护士长,本科,80,60,100,100,90,95,70,70,90,80,80,90,90,90,90,80,90,95,90,80,80,70,70,80,90,70,80,80,90,80,80,50,50,60,0,80,80,80,80,60
314,女,10-20 年,护师,护士,本科,80,60,100,90,80,90,70,70,90,80,90,80,90,80,80,70,90,80,80,80,70,80,90,80,70,80,60,70,60,80,80,0,70,70,0,90,90,80,80,60
313,女,10-20 年,护师,护士,本科,80,60,100,90,80,90,70,70,80,80,80,90,90,90,80,80,90,90,80,90,80,70,80,80,75,80,75,85,60,75,70,45,70,70,40,70,80,80,80,60
312,女,1-5年,护士,护士,本科,80,60,80,90,100,100,60,70,100,90,90,90,90,90,90,90,90,80,90,80,80,70,70,90,80,70,70,60,60,90,70,50,60,80,70,80,70,80,80,60
311,女,10-20 年,护师,护士,大专,80,60,50,10,80,50,10,5,50,80,10,10,80,10,10,0,10,0,80,0,50,0,20,10,90,20,60,60,60,60,70,60,70,70,60,60,70,80,80,70
310,女,5-10年,护师,护士,本科,80,60,90,85,66,80,0,60,60,60,70,88,90,80,100,70,90,50,60,20,20,60,60,60,80,90,80,80,70,70,70,70,80,70,70,80,90,80,80,70
309,女,1-5年,护师,护士,本科,80,60,90,50,0,80,0,0,60,50,20,80,90,0,90,70,90,20,50,30,50,60,60,60,80,80,80,70,70,80,80,70,80,70,80,80,80,80,80,70
308,女,1-5年,护士,护士,大专,80,60,98,99,90,90,90,90,100,95,96,100,90,99,99,97,90,90,90,90,90,96,90,97,80,50,60,70,70,80,80,40,70,80,40,40,80,80,80,70
307,女,5-10年,护师,护士,本科,80,60,90,90,80,90,70,50,80,70,70,60,60,70,60,70,80,60,60,60,50,50,60,70,80,80,80,70,70,70,80,70,80,80,70,80,80,80,80,70
306,女,1-5年,护士,护士,大专,80,60,50,30,50,50,50,50,80,50,50,70,80,70,70,30,50,10,70,50,20,50,50,50,80,80,90,80,70,80,80,80,80,80,80,80,80,80,80,70
305,女,5-10年,护师,护士,本科,80,60,90,80,50,80,0,40,60,40,40,80,80,40,60,40,80,40,40,40,40,80,50,60,80,70,80,80,80,90,80,70,70,80,80,70,80,80,80,70
304,女,5-10年,护师,护士,大专,80,60,100,100,100,100,0,0,0,0,100,100,100,100,100,0,100,0,100,0,100,100,100,100,90,89,8,80,80,90,90,80,80,80,80,80,90,80,80,70
303,男,5-10年,护士,护士,本科,80,60,100,98,95,100,80,95,100,100,100,100,100,95,98,95,98,98,98,95,95,98,98,100,80,80,80,80,80,85,80,70,80,85,70,85,85,80,80,75
302,女,5-10年,护师,护士,本科,80,60,100,98,100,90,65,85,85,96,85,90,90,90,85,85,98,85,80,90,80,80,86,98,70,70,90,80,80,70,70,70,70,70,60,70,80,80,80,80
301,女,1-5年,护士,护士,本科,80,60,90,90,95,85,88,90,88,90,88,88,90,90,90,90,95,75,78,80,80,80,85,88,80,60,80,80,70,70,85,70,70,80,50,80,80,80,80,80
299,女,1-5年,护师,护士,本科,80,60,100,100,90,100,90,90,100,90,80,100,100,100,100,80,100,90,90,80,100,100,90,90,80,80,80,80,80,80,80,70,80,80,70,80,80,80,80,80
298,女,5-10年,护师,护士,本科,80,60,97,100,80,100,40,50,95,50,60,80,100,90,90,80,100,40,70,40,80,60,90,79,80,80,80,80,70,80,80,80,80,80,80,80,90,80,80,80
297,女,5-10年,护师,护士,本科,80,60,90,85,90,90,85,85,90,90,90,90,90,90,90,90,90,90,90,90,90,90,90,90,90,90,80,80,70,90,90,50,90,80,80,100,100,80,80,80
296,女,1-5年,护师,护士,本科,80,60,100,100,100,100,100,90,96,100,100,100,100,100,90,100,100,50,80,80,90,90,90,100,80,80,80,80,80,90,90,90,90,80,80,80,80,80,80,80
295,女,1-5年,护师,护士,本科,80,60,90,90,90,90,90,90,90,90,90,90,90,90,90,90,90,90,50,50,50,50,50,50,85,80,80,82,80,80,82,80,80,82,80,80,85,80,80,80
294,女,1-5年,护士,护士,大专,80,60,95,95,98,90,20,60,98,95,80,90,90,95,98,50,95,40,60,60,50,50,50,50,95,80,85,70,70,85,80,80,70,95,70,80,100,80,80,80
293,女,1-5年,护士,护士,本科,80,60,90,90,70,80,50,60,90,75,75,75,80,60,70,60,80,60,60,60,70,70,70,70,90,80,70,70,70,80,85,70,80,60,60,80,90,80,80,90
292,女,5-10年,护师,护士,本科,80,60,70,80,85,70,0,30,85,80,70,65,100,95,100,20,80,60,65,75,30,100,80,70,70,70,80,70,65,80,80,70,70,70,65,70,80,80,80,90
291,女,10-20 年,主管护师,护士,本科,80,60,80,60,0,60,0,0,0,50,20,80,80,50,50,0,80,0,0,0,50,0,60,60,80,20,80,80,80,80,90,80,80,80,60,80,90,80,80,90
290,女,1-5年,护士,护士,本科,80,60,100,100,100,100,100,100,100,100,100,100,100,100,100,100,100,100,100,100,100,100,100,100,90,70,70,70,80,70,100,70,80,80,70,90,100,80,80,90
289,女,20年以上,主管护师,护士长,本科,80,60,50,80,30,80,40,20,90,90,95,95,60,50,80,40,60,50,90,50,50,40,50,60,80,70,100,80,80,80,80,70,70,80,70,80,100,80,80,90
288,女,20年以上,主管护师,护士,大专,80,60,90,90,85,85,80,70,80,80,80,80,85,80,80,80,90,85,80,80,80,80,80,80,95,80,90,90,90,90,90,80,80,80,70,80,90,80,80,90
287,女,5-10年,护师,护士,大专,80,60,80,80,90,80,40,50,90,70,80,70,80,60,70,60,70,90,90,60,50,60,60,70,90,80,80,80,80,80,90,80,80,80,80,80,80,80,80,90
286,女,5-10年,护师,护士,本科,80,60,70,90,50,80,10,10,50,60,30,60,80,10,80,20,70,50,20,20,10,30,30,60,100,90,70,70,10,90,85,75,70,80,88,80,90,80,80,90
285,女,10-20 年,护士,护士,大专,80,60,96,96,50,9630,30,50,80,70,80,96,98,50,100,40,100,80,80,50,80,40,80,80,99,80,90,80,80,80,90,60,70,90,80,90,90,80,80,90
284,女,1-5年,护士,护士,大专,80,60,100,100,0,100,0,0,50,100,50,80,100,60,60,60,100,0,100,60,60,80,60,100,90,90,90,90,95,80,90,70,90,90,70,80,90,80,80,98
283,女,1-5年,护士,护士,本科,80,60,80,80,80,50,40,40,60,60,50,100,60,40,100,70,60,50,60,40,50,50,40,40,90,60,80,80,80,80,80,60,70,70,60,80,100,80,80,100
282,女,10-20 年,主管护师,护士长,大专,80,65,99,90,70,90,0,70,70,80,90,90,90,80,90,70,90,60,70,70,40,50,90,80,70,70,70,70,70,80,70,60,70,70,70,80,90,80,80,100
281,女,10-20 年,主管护师,护士,本科,80,65,90,90,90,90,0,0,80,80,85,80,90,75,95,50,90,50,80,30,95,95,60,80,80,80,80,80,80,80,70,80,75,75,70,80,90,80,80,100
280,女,1-5年,护士,护士,大专,80,65,100,100,50,100,0,0,50,50,50,100,50,50,50,0,100,50,50,0,50,50,50,50,80,100,100,20,80,0,80,0,50,80,80,100,100,80,80,100
279,女,1-5年,护师,护士,大专,80,70,100,100,90,90,90,80,100,90,90,90,90,90,90,90,90,90,90,90,90,90,90,90,95,81,86,80,85,95,90,85,89,89,86,93,100,80,89,90
278,女,5-10年,护师,护士,大专,80,70,90,90,80,80,60,70,70,80,70,90,70,70,80,80,80,80,80,70,80,90,70,70,100,90,100,90,80,100,96,80,50,100,80,100,100,80,90,10
277,女,5-10年,护师,护士,本科,80,70,90,80,5,50,10,50,50,70,60,80,90,60,90,80,90,5,50,50,60,80,580,80,80,70,80,70,70,90,90,80,70,70,50,80,90,80,90,60
276,女,10-20 年,主管护师,护士长,本科,80,70,80,90,90,90,0,80,80,90,90,90,90,90,90,50,90,90,50,80,80,90,80,90,80,80,75,90,80,80,75,50,55,60,50,90,90,80,90,75
275,女,1-5年,护士,护士,本科,80,70,100,100,80,100,0,0,100,80,70,100,80,70,100,0,90,70,90,5,60,80,70,70,80,90,80,80,60,80,80,70,60,80,70,80,90,80,90,80
274,女,1-5年,护师,护士,大专,80,70,90,90,90,85,20,0,100,90,95,95,90,90,90,60,95,70,100,0,80,60,60,90,80,70,80,80,70,70,80,70,80,50,70,80,80,80,90,90
273,女,1-5年,护士,护士,大专,80,70,99,99,99,99,80,88,100,100,99,99,99,99,99,80,96,80,88,88,90,90,88,96,90,70,80,80,80,70,80,80,80,70,60,80,90,80,90,90
272,女,1-5年,护士,护士,本科,80,70,100,100,90,90,80,60,80,80,200,100,98,100,100,60,95,70,80,80,80,60,70,80,90,80,93,85,85,94,90,75,90,80,70,100,100,80,90,90
271,女,1-5年,护士,护士,本科,80,70,98,90,90,96,80,70,99,98,95,90,100,98,90,90,96,90,95,90,90,90,90,99,90,70,80,90,90,90,90,90,90,90,90,90,95,80,90,90
270,女,5-10年,护师,护士,本科,80,70,90,90,90,80,60,80,85,80,80,85,80,85,80,85,85,60,75,60,75,80,80,70,98,90,90,98,95,85,90,80,80,80,90,90,100,80,90,95
269,男,10-20 年,护师,护士,大专,80,70,95,90,90,85,85,80,95,90,90,85,85,85,90,90,90,89,89,80,89,80,89,90,90,100,100,90,90,90,100,0,90,50,30,80,100,80,90,100
268,女,1-5年,护师,护士,大专,80,70,100,100,80,80,80,80,80,70,70,80,100,90,100,100,80,60,50,0,60,80,80,90,90,60,90,90,60,90,90,70,80,80,60,90,90,80,90,100
266,女,5-10年,护士,护士,本科,80,70,100,80,80,100,100,100,100,80,100,50,100,100,80,0,90,80,80,20,20,100,20,50,95,80,85,80,95,95,95,85,90,95,80,96,100,80,95,70
265,女,1-5年,护师,护士,本科,80,70,90,80,80,90,70,70,100,70,80,80,80,80,80,70,80,70,80,60,70,90,70,70,100,90,100,80,80,90,90,80,80,80,90,100,100,80,100,80
264,女,1-5年,护士,护士,本科,80,70,100,100,90,100,90,90,100,99,100,100,100,99,100,90,100,80,100,95,98,85,100,100,100,100,100,70,100,100,100,50,70,60,50,100,100,80,100,90
262,女,1-5年,护师,护士,本科,80,70,70,80,80,80,60,80,90,90,90,80,80,80,80,80,80,60,90,85,80,80,60,80,80,80,80,80,80,80,50,70,80,80,70,80,100,80,100,90
261,女,5-10年,护师,护士,大专,80,70,100,100,90,100,90,90,100,100,100,100,100,100,100,80,100,100,100,80,100,90,80,100,90,80,100,80,80,100,90,60,100,90,70,90,100,80,100,100
260,女,5-10年,护师,护士,本科,80,70,90,80,80,70,40,50,90,80,80,70,90,90,90,50,90,80,90,80,90,90,70,60,100,100,90,90,80,90,100,70,80,90,100,100,100,80,100,100
259,女,1-5年,护师,护士,本科,80,70,100,100,100,100,100,100,100,100,100,100,100,100,100,100,100,100,100,100,100,100,100,100,85,80,80,75,60,75,80,50,75,80,60,80,90,85,80,75
258,女,5-10年,护师,护士,本科,80,70,80,80,90,100,0,0,90,100,50,100,100,80,80,80,100,100,100,50,50,50,100,100,90,80,80,86,79,75,80,75,80,86,80,80,80,85,80,80
257,女,1-5年,护师,护士,本科,80,70,90,90,60,90,30,50,75,70,60,85,85,90,90,75,90,85,85,75,80,90,85,90,80,50,50,50,0,0,0,0,50,50,50,80,85,85,85,50
256,女,20年以上,主管护师,护士,中专,80,70,95,95,95,95,90,95,95,95,96,90,95,95,90,90,95,90,90,90,90,90,90,90,90,60,80,80,85,80,80,60,70,60,60,65,90,85,85,60
255,女,10-20 年,主管护师,护士,本科,80,70,100,100,100,99,90,80,100,99,99,90,99,90,99,90,99,90,99,90,95,90,100,99,65,70,85,75,75,90,85,65,65,75,65,85,95,85,85,65
254,女,1-5年,护师,护士,本科,80,70,90,90,80,90,60,60,80,60,80,60,90,90,90,90,90,70,85,70,85,90,70,70,85,85,85,80,85,85,80,65,75,80,60,85,85,85,85,80
253,女,5-10年,护士,护士,本科,80,70,50,90,90,100,100,100,100,80,80,100,100,100,100,70,90,80,100,50,80,50,80,60,85,80,85,85,85,85,85,75,80,80,80,85,85,85,85,80
252,女,1-5年,护士,护士,大专,80,70,100,100,100,100,90,100,100,100,100,100,100,100,100,100,100,90,90,80,90,90,90,100,75,70,75,80,80,85,80,70,80,80,70,85,90,85,87,76
251,女,20年以上,主管护师,护士,本科,80,70,60,60,50,60,1,20,50,70,70,70,70,70,80,50,70,50,60,20,10,70,60,60,90,85,88,80,90,85,88,80,80,80,85,85,88,85,88,90
250,女,1-5年,护士,护士,本科,80,70,99,99,95,100,60,60,90,80,80,80,90,80,80,60,90,60,90,60,70,30,60,60,95,80,100,80,80,90,85,79,70,0,75,80,100,85,90,70
249,女,1-5年,护师,护士,本科,80,70,100,90,100,90,80,80,100,80,90,100,90,90,100,75,90,80,90,60,75,90,80,90,95,80,90,90,85,95,95,50,90,95,80,90,98,85,90,85
248,女,20年以上,主管护师,护士长,本科,80,70,90,70,80,70,0,0,10,0,30,30,50,10,50,20,50,10,60,30,50,80,50,40,85,60,85,70,70,80,90,60,85,85,60,75,90,85,90,90
247,女,20年以上,主管护师,护士,大专,80,70,100,95,90,98,80,92,95,98,98,95,98,100,95,90,98,95,92,96,92,99,90,96,90,70,95,95,80,80,80,75,70,70,80,95,95,85,90,95
246,男,5-10年,护师,护士,本科,80,70,100,100,50,90,0,0,90,80,70,90,90,60,50,20,80,30,80,50,80,90,20,80,90,70,95,95,80,80,80,75,70,70,80,95,95,85,90,95
245,女,1-5年,护士,护士,大专,80,70,90,90,80,90,0,60,100,100,100,100,100,100,100,80,100,80,100,60,90,60,80,100,95,90,80,60,70,80,85,65,70,80,70,90,100,85,90,95
244,女,1-5年,护士,护士,大专,80,70,100,100,100,96,90,90,90,100,100,100,100,100,100,100,100,90,95,90,100,不会,100,100,80,80,95,90,95,95,95,95,95,85,90,90,95,85,90,95
243,女,1-5年,护师,护士,本科,80,75,70,80,100,90,0,50,100,100,90,70,80,100,100,90,90,100,100,70,80,80,100,100,95,50,80,50,50,50,50,50,50,80,0,85,95,85,100,95
242,女,1-5年,护师,护士,本科,80,75,100,90,90,100,80,90,100,100,100,100,100,100,100,80,100,100,100,90,100,90,90,100,99,80,70,70,70,88,70,30,60,78,67,88,99,88,90,65
241,女,1-5年,护士,护士,本科,80,75,100,100,80,100,20,30,90,80,70,80,100,90,70,90,100,80,100,70,90,100,70,100,80,70,80,80,80,80,80,70,76,78,60,80,90,88,90,70
240,女,5-10年,护士,护士,大专,80,80,95,90,90,80,60,90,90,90,80,90,90,85,90,70,90,80,80,70,90,90,90,90,90,70,88,90,90,90,90,70,70,70,60,70,90,88,90,80
239,女,5-10年,护师,护士,本科,80,80,100,100,80,90,0,50,85,80,80,100,100,100,100,80,100,75,75,70,80,80,80,100,50,20,70,62,70,30,30,40,40,40,20,45,85,90,20,20
238,男,1-5年,护师,护士,本科,80,80,100,100,100,100,0,30,100,90,90,80,100,80,50,20,100,80,90,20,80,100,100,100,100,0,0,20,50,0,90,0,0,0,0,0,100,90,50,100
237,女,5-10年,护师,护士,本科,75,60,100,100,50,50,0,0,30,50,20,50,20,0,30,0,80,0,0,0,90,80,40,40,80,20,20,20,80,50,80,0,20,20,20,20,50,80,50,0
236,女,5-10年,护师,护士,本科,75,60,100,100,50,50,0,0,20,50,20,50,20,0,30,0,80,0,0,0,90,80,40,40,50,30,60,30,20,30,40,10,40,40,20,60,80,80,50,80
235,女,5-10年,护师,护士,本科,75,60,95,95,90,90,90,90,90,90,85,90,90,90,90,80,90,85,85,80,85,80,90,80,80,60,80,80,60,60,70,10,20,20,20,60,80,80,60,20
234,女,1-5年,护士,护士,本科,75,60,100,90,100,100,30,70,100,80,50,60,80,80,80,70,80,70,90,20,80,70,70,60,80,70,50,60,30,50,60,20,50,80,30,50,100,80,60,70
233,女,5-10年,护师,护士,本科,70,50,50,50,50,50,50,50,50,50,50,50,50,50,50,50,50,50,50,50,50,0,50,50,90,70,70,70,60,70,90,60,50,50,80,70,80,60,80,60
232,女,1-5年,护士,护士,大专,70,50,100,100,90,100,50,60,80,90,60,100,100,60,90,60,80,70,80,70,70,60,70,70,60,50,60,50,50,60,50,50,50,60,50,60,90,60,80,60
231,女,1-5年,护士,护士,大专,70,50,95,95,95,95,50,70,80,80,5 0,80,90,80,60,70,90,70,80,60,70,80,80,80,80,60,60,60,80,60,100,60,60,60,60,60,80,60,80,60
230,女,1-5年,护士,护士,大专,70,50,98,99,100,100,70,90,96,90,85,90,100,95,90,98,90,99,95,86,95,95,95,98,90,70,90,80,50,80,80,50,70,90,60,60,100,60,80,70
229,女,1-5年,护士,护士,大专,70,50,80,90,85,90,85,50,90,80,90,90,90,50,85,0,85,50,80,50,50,50,50,50,80,60,80,80,80,80,80,60,60,60,70,60,100,60,80,80
228,男,1-5年,护师,护士,本科,70,50,90,90,90,90,80,80,85,90,85,90,85,85,90,90,90,90,90,80,85,90,90,85,60,10,60,40,50,80,60,0,50,0,0,80,90,60,80,90
227,女,1-5年,护师,护士,本科,70,50,100,100,90,100,50,50,80,90,80,100,100,100,90,50,90,80,50,50,80,80,80,80,60,50,80,50,70,50,50,50,60,80,50,50,90,60,80,90
226,女,1-5年,护士,护士,大专,70,50,90,90,80,92,10,50,90,90,80,91,90,88,100,70,88,68,70,50,60,90,88,90,70,50,70,60,60,60,70,40,60,50,60,70,80,60,80,100
225,女,10-20 年,主管护师,护士,本科,70,50,90,92,80,93,10,50,90,90,80,94,91,87,95,70,88,66,74,60,60,86,80,90,90,60,70,90,60,70,60,50,70,70,60,80,100,60,80,100
224,女,1-5年,护师,护士,本科,70,50,100,100,80,100,10,20,70,60,60,80,100,80,100,70,100,70,70,10,80,70,70,70,80,60,50,100,50,80,90,70,60,70,70,80,85,60,85,50
223,女,1-5年,护士,护士,大专,70,50,80,90,90,90,50,60,80,70,60,80,80,70,70,90,80,70,80,50,70,70,70,70,90,90,60,60,85,85,90,65,65,60,85,90,90,60,85,100
222,女,10-20 年,护师,护士,本科,70,50,90,70,70,70,0,60,70,60,60,70,60,50,60,50,80,50,60,60,50,60,60,70,95,60,90,80,50,80,80,50,50,100,50,90,90,60,90,60
221,女,5-10年,护士,护士,本科,70,50,89,90,98,98,85,92,100,90,90,100,100,8890,86,80,90,90,98,80,90,95,88,96,90,90,100,90,80,100,90,10,60,20,10,60,90,60,100,50
220,女,10-20 年,护师,护士长,本科,70,50,99,90,90,99,80,90,90,90,90,90,90,90,90,90,90,90,90,80,90,90,90,90,100,80,80,80,80,90,100,70,60,80,80,100,100,60,100,100
219,女,10-20 年,护师,护士,本科,70,50,68,96,98,96,96,92,94,96,96,99,96,96,96,90,94,90,96,94,90,94,96,94,80,60,65,60,65,70,80,60,60,60,60,60,70,65,70,70
218,女,5-10年,护师,护士,本科,70,50,60,60,60,70,50,50,50,60,70,70,70,50,60,40,60,30,50,50,50,60,50,60,80,80,85,75,70,70,80,60,75,70,70,70,95,65,80,70
217,女,5-10年,护师,护士,大专,70,50,60,70,76,70,60,40,70,50,60,60,60,60,70,60,70,50,50,50,40,50,40,50,65,68,76,65,70,65,64,45,46,60,35,65,80,67,56,20
216,女,1-5年,护士,护士,大专,70,50,100,100,80,90,60,60,60,80,80,80,80,80,80,80,80,70,70,60,80,40,60,70,40,50,40,20,80,60,50,0,60,50,50,50,50,70,50,40
215,女,10-20 年,护师,护士,本科,70,50,80,80,95,90,70,70,90,85,80,90,90,80,90,20,99,40,90,60,78,70,99,88,80,60,60,80,70,80,60,40,75,60,0,80,90,70,60,50
214,女,10-20 年,主管护师,护士,本科,70,50,70,90,0,90,0,50,80,90,100,100,100,90,100,100,100,100,100,0,0,100,50,100,70,10,30,60,30,20,60,10,10,10,60,50,70,70,60,70
213,女,5-10年,护师,护士,本科,70,50,90,90,100,90,40,60,99,98,99,100,100,99,100,40,90,50,90,40,90,90,80,90,78,60,75,65,85,65,85,60,60,60,60,65,85,70,65,70
212,男,1-5年,护师,护士,大专,70,50,80,80,80,80,50,50,80,100,80,80,80,80,80,20,80,50,80,20,20,80,50,50,50,50,50,50,60,70,20,20,50,50,50,70,70,70,70,0
211,女,5-10年,护师,护士,本科,70,50,90,90,80,90,50,70,80,90,90,100,100,80,108,70,80,80,70,90,70,90,80,90,70,50,70,40,80,50,50,60,70,70,50,50,80,70,70,10
210,女,1-5年,护士,护士,本科,70,50,100,100,100,100,98,99,99,100,98,100,100,100,100,100,100,100,100,100,97,100,100,100,70,0,70,70,70,70,70,70,70,50,50,70,80,70,70,30
209,男,10-20 年,护师,护士,本科,70,50,80,60,80,90,30,60,70,70,60,90,90,80,80,50,80,60,80,30,20,70,80,60,60,20,70,70,50,50,50,50,50,10,40,65,60,70,70,50
208,女,20年以上,主管护师,护士,本科,70,50,100,100,100,100,90,90,100,90,90,100,100,100,100,60,100,60,100,50,70,80,80,80,70,70,70,70,70,90,80,60,70,70,50,70,100,70,70,50
207,女,1-5年,护士,护士,大专,70,50,90,70,60,60,60,60,80,99,90,90,80,100,90,50,80,80,60,70,80,80,80,90,90,70,70,80,70,70,90,70,60,60,50,70,80,70,70,60
206,女,5-10年,护师,护士,本科,70,50,100,100,100,90,0,90,100,90,90,90,90,90,90,85,80,85,90,80,90,90,90,100,70,70,70,70,60,70,70,60,70,70,60,60,70,70,70,60
205,女,5-10年,护师,护士,本科,70,50,60,40,30,30,20,20,30,40,30,70,70,60,50,60,50,10,10,10,10,50,30,20,90,70,80,80,80,60,80,70,70,60,60,70,90,70,70,70
204,女,10-20 年,护师,护士,本科,70,50,90,80,80,90,50,70,85,85,85,100,90,95,90,60,70,75,80,70,75,70,70,80,80,50,70,90,100,80,70,70,70,60,60,60,90,70,70,70
203,女,5-10年,护师,护士,本科,70,50,100,90,100,90,100,80,100,100,100,100,100,90,90,80,90,80,90,50,100,90,70,90,70,70,70,70,70,70,70,70,70,70,70,70,70,70,70,70
202,女,1-5年,护师,护士,本科,70,50,95,98,100,100,90,90,100,100,100,100,100,100,100,90,95,98,98,95,90,90,95,98,70,60,70,70,80,70,70,60,70,70,70,70,80,70,70,70
201,女,1-5年,护士,护士,本科,70,50,80,80,60,70,65,60,85,85,75,85,85,65,70,60,85,60,75,60,60,85,85,75,80,70,60,60,60,60,60,60,60,80,70,70,80,70,70,70
200,女,20年以上,主管护师,护士长,本科,70,50,100,80,98,90,70,80,90,98,90,100,100,98,98,90,98,90,100,90,90,90,90,90,70,60,70,70,80,60,90,75,75,70,70,65,75,70,70,80
199,女,5-10年,护师,护士,本科,70,50,100,100,100,100,0,80,99,100,90,100,100,100,100,100,100,80,99,60,88,100,90,100,70,70,70,70,70,70,70,60,80,70,65,70,70,70,70,85
198,女,1-5年,护士,护士,本科,70,50,85,80,30,80,30,0,70,50,0,100,100,0,100,0,50,40,40,20,20,0,25,25,80,70,70,70,80,80,60,50,60,60,60,80,80,70,70,100
197,女,1-5年,护士,护士,大专,70,50,60,60,80,50,30,60,80,60,60,80,80,60,99,60,80,60,80,80,60,70,70,80,8,70,60,40,75,65,80,70,70,60,70,90,90,70,75,100
196,女,1-5年,护士,护士,本科,70,50,100,100,90,100,60,60,100,70,60,100,100,90,100,80,100,70,100,80,80,100,70,90,75,70,75,75,75,70,80,65,75,60,50,65,80,70,80,50
195,女,1-5年,护士,护士,大专,70,50,85,90,70,90,80,70,80,80,80,80,90,80,90,70,90,80,80,70,70,80,70,70,80,80,70,80,80,70,80,50,70,70,70,80,80,70,80,50
194,女,5-10年,护师,护士,本科,70,50,100,100,100,100,60,60,100,90,100,100,100,100,100,80,100,80,90,80,100,100,90,90,90,75,80,80,95,90,95,50,80,90,70,80,80,70,80,50
193,女,1-5年,护士,护士,大专,70,50,100,100,100,100,100,100,100,100,100,100,100,100,100,100,100,0,100,0,100,100,0,100,80,60,60,60,70,60,60,50,60,60,50,80,80,70,80,60
192,女,10-20 年,护师,护士长,本科,70,50,100,98,100,100,90,90,100,100,100,98,100,100,98,98,100,98,98,98,98,98,98,98,80,60,80,80,70,70,80,60,70,60,60,70,80,70,80,60
191,女,5-10年,护师,护士,大专,70,50,100,100,100,100,50,50,100,50,90,100,100,90,100,0,100,50,100,0,50,100,100,80,90,80,70,80,80,80,80,50,70,80,50,80,90,70,80,60
190,女,10-20 年,主管护师,护士长,本科,70,50,90,90,90,80,90,90,90,90,90,90,90,80,80,80,90,80,80,70,80,100,90,80,80,70,80,70,80,80,70,40,70,60,40,60,70,70,80,70
189,女,1-5年,护士,护士,大专,70,50,100,100,0,100,0,0,100,100,100,100,100,100,0,0,100,0,0,0,100,0,100,100,70,70,80,70,60,80,60,70,70,60,50,60,90,70,80,70
188,女,1-5年,护士,护士,本科,70,50,90,60,80,70,50,30,30,50,40,80,75,65,70,20,85,45,60,10,75,60,30,70,80,60,60,65,70,85,80,60,70,65,65,70,90,70,80,70
187,女,1-5年,护士,护士,本科,70,50,100,100,90,100,80,80,100,100,90,100,100,100,100,100,100,100,100,100,100,90,100,100,90,70,80,70,70,70,70,70,70,70,70,50,90,70,80,70
186,女,1-5年,护士,护士,本科,70,50,65,85,95,95,35,60,85,85,85,95,95,95,96,35,85,35,95,85,75,75,70,85,80,90,80,80,70,70,90,70,80,80,60,90,90,70,80,70
185,女,5-10年,护师,护士,本科,70,50,100,100,80,90,0,70,99,50,90,100,90,70,90,60,90,50,90,50,90,95,95,90,80,70,80,80,60,80,70,50,70,70,60,70,100,70,80,80
184,女,1-5年,护师,护士,本科,70,50,6,7,7,7,7,6,7,7,7,8,8,6,9,6,10,6,8,6,7,9,7,7,70,70,70,70,60,70,70,70,70,70,70,80,70,70,80,80
183,女,5-10年,护师,护士,本科,70,50,100,100,100,100,100,100,100,90,100,100,100,100,90,90,100,100,100,100,100,100,100,100,90,60,90,90,80,80,90,60,80,80,70,80,80,70,80,80
182,女,1-5年,护师,护士,本科,70,50,70,10,10,50,0,40,40,60,60,70,70,70,70,70,60,30,70,30,60,60,60,50,69,70,65,80,80,75,60,65,70,85,75,70,85,70,80,80
181,女,1-5年,护师,护士,本科,70,50,90,90,95,70,20,40,80,90,70,90,80,90,100,70,70,50,90,80,80,95,85,90,75,70,70,75,70,70,80,75,75,90,70,70,80,70,80,85
180,女,5-10年,护师,护士,大专,70,50,90,85,70,80,20,60,100,90,85,87,73,90,96,99,98,83,96,50,86,96,90,83,7,80,80,60,50,50,50,40,60,70,30,60,90,70,80,90
179,女,5-10年,护师,护士,本科,70,50,90,80,85,90,50,80,90,90,90,100,90,90,90,50,80,60,85,60,75,90,80,90,80,50,80,60,90,80,80,50,70,70,70,80,70,70,80,90
178,女,1-5年,护师,护士,本科,70,50,90,90,80,70,0,60,95,60,70,95,95,80,80,50,80,60,90,50,60,70,60,70,80,70,80,80,80,70,80,60,80,70,70,70,70,70,80,90
176,女,1-5年,护士,护士,本科,70,50,90,90,50,70,0,0,90,60,50,95,90,70,80,50,80,60,50,50,60,70,60,60,90,90,80,80,50,70,70,50,60,60,50,80,100,70,80,100
175,女,5-10年,护师,护士,本科,70,50,90,90,60,80,0,60,90,50,50,90,90,80,60,50,85,60,80,50,60,70,60,60,80,50,80,80,80,80,100,68,68,70,70,70,70,70,80,100
174,女,1-5年,护师,护士,本科,70,50,100,100,60,50,0,0,60,70,60,100,60,60,100,50,80,50,70,30,60,100,50,70,85,90,85,85,85,90,85,60,70,60,60,70,90,70,85,70
173,女,5-10年,护师,护士,大专,70,50,100,90,90,90,0,60,80,80,0,98,90,70,100,60,90,60,70,60,60,80,60,90,75,40,50,20,50,80,50,50,50,70,50,90,90,70,90,40
172,女,20年以上,护师,护士,中专,70,50,90,75,80,85,80,80,85,85,85,80,85,80,80,80,85,80,80,75,80,70,75,80,90,50,96,95,90,80,90,60,80,60,60,90,100,70,90,60
171,女,5-10年,护师,护士,大专,70,50,80,70,70,70,50,60,70,80,90,60,80,80,80,50,60,70,60,50,60,60,60,60,80,80,80,80,78,95,90,70,80,80,80,80,100,70,90,100
170,女,1-5年,护士,护士,本科,70,50,90,80,80,80,0,70,70,0,20,60,30,50,50,50,80,50,50,60,60,90,80,30,80,70,80,70,90,90,85,70,65,70,70,85,98,70,95,96
169,女,20年以上,主管护师,护士,中专,70,50,100,100,90,99,99,99,100,90,80,90,100,90,100,90,100,50,100,50,50,50,45,90,80,60,65,60,75,60,60,60,50,60,60,82,90,75,65,65
168,女,5-10年,护士,护士,大专,70,60,100,100,80,100,60,80,100,100,100,100,100,80,100,60,100,80,80,50,60,60,80,80,85,50,60,60,65,60,80,60,70,70,65,75,85,75,70,80
167,女,5-10年,护师,护士,本科,70,60,95,85,65,70,0,60,95,85,80,65,90,65,60,90,95,85,95,75,90,90,65,85,80,60,70,80,85,70,80,60,65,75,60,75,80,75,80,50
166,女,10-20 年,护师,护士,本科,70,60,85,90,90,95,0,0,90,50,50,85,90,85,50,60,85,50,90,0,50,90,0,60,80,75,80,80,80,85,85,70,70,70,75,80,80,75,80,75
165,女,1-5年,护士,护士,本科,70,60,50,100,100,100,0,60,85,85,50,60,100,100,100,60,80,90,90,60,70,90,80,80,85,80,85,80,80,85,85,60,75,60,60,65,95,75,85,60
164,女,1-5年,护士,护士,大专,70,60,99,90,99,99,80,85,90,90,90,90,99,90,100,100,99,70,86,70,90,90,80,90,88,85,85,86,84,88,90,70,75,80,77,80,80,77,80,80
163,女,5-10年,护师,护士,本科,70,60,100,100,50,100,100,100,100,50,100,90,90,90,90,50,90,90,60,90,90,90,80,80,50,54,62,62,60,90,60,30,55,85,50,86,90,78,89,50
162,女,1-5年,护士,护士,大专,70,60,100,100,50,100,50,0,100,60,50,50,50,50,60,60,80,80,60,0,100,100,80,80,60,40,0,60,50,0,70,0,60,0,0,60,70,80,50,0
161,女,5-10年,护师,护士,本科,65,50,100,90,98,100,30,30,85,80,88,100,100,100,90,75,90,78,90,40,90,85,85,78,40,40,50,50,60,60,70,50,50,50,60,60,70,60,70,80
160,女,10-20 年,护师,护士长,本科,65,50,50,90,50,90,0,50,90,50,50,100,100,90,100,50,90,70,80,20,50,90,80,100,80,40,60,80,80,60,60,60,70,50,70,70,80,60,70,80
159,女,1-5年,护师,护士,本科,65,50,50,80,80,90,10,30,60,60,80,80,60,10,0,0,90,10,60,20,10,10,0,0,40,50,50,40,40,60,20,10,10,10,10,40,80,60,80,10
158,女,1-5年,护士,护士,大专,65,50,100,100,90,90,50,50,80,90,90,100,95,95,80,70,90,80,90,70,70,90,90,85,70,60,80,70,70,70,60,0,50,50,0,60,90,60,80,50
156,女,5-10年,护师,护士,大专,65,50,95,95,70,70,0,0,100,50,90,70,100,80,90,0,0,0,90,0,10,50,0,50,70,60,70,60,60,60,60,60,60,50,50,70,90,60,80,50
155,女,1-5年,护士,护士,本科,65,50,70,70,50,60,0,0,80,60,0,50,60,0,0,0,80,50,50,0,0,50,0,60,80,70,70,80,60,50,70,60,0,0,50,60,100,60,80,60
154,女,1-5年,护士,护士,大专,60,10,90,90,90,85,85,90,85,85,90,90,90,90,90,85,90,85,85,90,90,85,90,90,60,70,40,20,50,50,20,0,50,60,20,60,80,50,60,0
152,女,5-10年,护士,护士,大专,60,10,98,88,99,90,97,88,98,90,80,90,98,89,90,96,99,80,88,80,95,98,95,90,70,80,70,60,50,60,70,50,70,60,50,50,70,50,60,30
151,女,1-5年,护士,护士,大专,60,10,90,90,85,90,65,60,90,90,90,90,90,85,90,65,90,60,85,85,85,70,70,85,40,50,60,50,60,60,50,30,20,40,50,50,60,50,60,50
150,女,1-5年,护士,护士,大专,60,10,75,80,80,80,80,80,70,75,90,90,90,80,90,90,80,60,60,80,70,90,80,80,80,50,50,50,60,50,90,40,50,50,40,50,70,50,60,50
149,女,10-20 年,护师,护士,本科,60,10,90,80,100,90,75,70,100,80,85,90,80,90,100,90,95,97,96,50,80,90,85,85,60,0,60,60,50,50,50,50,60,50,50,60,60,50,60,50
148,女,5-10年,护士,护士,本科,60,10,95,90,99,98,0,50,80,80,90,95,100,80,80,60,70,70,90,50,75,50,80,90,60,20,50,50,50,50,40,50,50,60,50,60,50,50,60,50
147,女,10-20 年,护师,护士,本科,60,10,70,70,80,80,20,40,60,80,60,80,80,70,90,50,80,50,80,50,40,70,70,75,40,90,90,20,80,50,90,0,50,90,40,90,90,50,60,50
146,女,1-5年,护师,护士,本科,60,10,98,98,100,98,98,98,100,100,99,99,99,99,99,99,99,99,99,99,99,99,99,99,60,50,60,60,70,50,50,40,50,50,50,50,70,50,60,60
145,女,10-20 年,护师,护士长,本科,60,20,80,60,100,60,60,60,100,100,100,100,80,100,100,80,100,100,100,60,100,100,100,100,0,30,60,50,50,50,0,0,10,10,50,50,60,50,60,80
144,女,5-10年,护士,护士,本科,60,20,90,90,80,90,70,70,80,90,90,80,90,90,90,80,90,80,90,70,70,90,80,80,40,20,40,60,50,40,40,30,40,40,40,50,80,50,60,80
143,女,5-10年,护师,护士,本科,60,20,70,80,70,70,0,60,60,60,70,100,90,80,90,60,90,90,70,60,60,60,70,70,70,70,70,60,60,60,60,50,60,50,40,60,60,50,70,40
142,女,1-5年,护师,护士,本科,60,20,95,95,100,90,90,100,100,80,90,100,90,100,100,80,80,80,80,75,100,50,100,95,50,60,60,50,60,60,40,40,50,50,40,50,70,50,70,50
141,女,5-10年,护师,护士,本科,60,20,80,85,85,80,85,70,90,70,70,70,70,70,70,70,70,70,70,65,70,70,80,70,75,65,65,55,55,45,65,50,50,50,50,65,85,50,70,60
139,女,10-20 年,主管护师,护士,本科,60,20,80,50,80,58,18,18,80,50,10,80,50,50,50,10,50,10,50,0,10,10,10,10,80,50,60,60,60,75,80,50,50,50,50,70,80,50,70,70
138,女,5-10年,护师,护士,本科,60,20,80,80,85,85,20,35,70,70,75,80,80,75,85,60,75,60,70,60,70,70,60,75,70,10,60,60,60,50,60,50,60,0,40,50,99,50,80,30
137,女,10-20 年,主管护师,护士长,本科,60,20,艹,90,80,70,82,70,60,80,90,85,80,80,85,70,90,90,80,90,70,比一,70,80,80,80,80,30,10,10,30,0,30,10,10,80,80,50,80,80
136,女,1-5年,护师,护士,本科,60,20,60,80,80,80,10,50,90,80,70,80,90,80,90,90,90,80,90,70,80,80,80,80,90,50,50,50,70,50,100,60,50,50,50,50,80,50,80,80
135,女,1-5年,护士,护士,本科,60,20,100,100,100,100,60,70,70,70,0,70,99,60,100,0,100,60,100,30,50,30,90,70,90,60,75,70,80,75,90,50,55,60,60,80,65,50,80,80
134,女,10-20 年,主管护师,护士长,本科,60,20,90,90,100,90,10,90,80,70,80,90,100,80,80,70,90,80,80,70,70,60,80,80,80,50,80,60,60,70,70,50,80,50,70,80,90,50,80,90
133,女,5-10年,护师,护士,本科,60,20,90,80,80,80,0,60,99,60,70,80,70,90,90,70,90,85,80,80,50,90,80,60,85,50,85,85,50,50,50,0,50,0,0,80,100,50,85,60
132,女,5-10年,护师,护士,本科,60,20,90,90,100,90,90,70,90,80,100,90,90,90,100,90,80,80,90,90,90,70,70,80,90,50,70,50,70,50,80,0,50,0,0,90,100,50,90,50
131,女,5-10年,护师,护士,本科,60,20,90,80,85,70,50,60,80,80,75,85,80,75,95,75,90,60,70,80,75,80,50,80,90,50,70,50,0,50,100,0,0,50,0,100,100,50,90,50
130,女,5-10年,护师,护士,本科,60,20,95,98,95,95,85,90,95,90,90,90,98,95,95,90,98,92,92,85,90,85,90,92,90,30,50,50,10,90,90,10,50,100,10,90,100,50,90,70
129,女,1-5年,护士,护士,大专,60,30,90,90,40,80,10,10,80,10,50,80,80,50,90,50,70,80,60,10,80,10,40,10,90,50,80,60,50,40,60,50,50,50,50,80,90,50,90,80
128,女,5-10年,护师,护士,本科,60,30,70,75,90,80,60,60,85,85,60,80,70,90,70,60,80,65,85,60,70,65,60,80,50,30,60,30,50,60,60,30,60,80,0,50,60,50,90,80
127,女,10-20 年,护师,护士,本科,60,30,100,100,80,108,40,80,50,50,50,50,108,100,100,100,100,90,50,90,80,10,10,50,75,65,63,55,50,58,76,50,60,65,50,65,75,53,50,50
126,女,1-5年,护师,护士,本科,60,30,100,80,90,80,60,70,85,80,85,75,90,90,90,90,80,80,80,60,75,75,70,80,40,40,60,50,40,40,30,40,40,80,50,60,50,60,40,70
125,女,1-5年,护士,护士,大专,60,30,90,100,100,90,0,90,80,60,90,100,100,100,100,60,100,90,100,60,60,90,100,90,40,30,50,60,10,0,0,0,0,0,0,50,80,60,50,0
124,女,10-20 年,护师,护士,本科,60,30,90,90,85,80,70,80,90,90,87,90,90,80,82,86,90,85,80,80,78,92,83,75,40,20,50,60,10,0,0,0,0,0,0,50,60,60,50,0
123,女,1-5年,护士,护士,本科,60,30,95,98,90,95,60,95,98,95,95,95,98,99,95,98,95,95,95,95,70,95,95,98,75,60,55,55,55,60,55,50,55,60,55,60,75,60,50,75
122,女,1-5年,护士,护士,大专,60,30,90,70,80,80,20,40,90,80,80,80,70,80,100,50,80,70,80,50,80,80,90,70,70,70,70,30,20,30,50,20,20,30,20,30,80,60,60,0
121,女,10-20 年,主管护师,护士长,本科,60,30,90,100,100,90,10,50,90,90,100,100,100,100,100,90,100,80,100,90,90,100,90,90,60,60,60,60,60,60,60,10,50,50,10,60,90,60,60,10
119,女,1-5年,护士,护士,大专,60,30,80,80,90,80,60,70,90,80,70,85,80,80,80,70,80,60,80,60,70,70,80,80,80,80,70,50,20,40,70,10,50,80,30,60,60,60,60,20
118,女,1-5年,护士,护士,大专,60,30,98,100,95,95,60,80,100,100,95,95,100,100,100,95,95,95,95,90,80,85,95,100,70,30,80,60,5,5,50,0,49,10,10,60,80,60,60,30
117,女,1-5年,护士,护士,大专,60,30,90,90,90,80,50,60,90,80,70,70,70,70,80,80,90,70,80,70,80,80,80,80,70,50,60,60,80,60,70,30,70,60,30,50,80,60,60,30
116,女,10-20 年,主管护师,护士,大专,60,32,95,80,60,80,40,40,50,70,60,70,70,50,80,20,90,60,60,60,50,50,30,60,70,80,70,70,60,70,70,50,60,60,40,60,80,60,60,40
115,女,1-5年,护士,护士,本科,60,40,90,90,100,90,80,80,90,90,90,90,90,80,80,80,90,80,80,80,80,80,80,90,60,60,60,60,50,60,60,30,40,50,10,50,60,60,60,50
114,女,20年以上,主管护师,护士长,大专,60,40,80,60,70,50,80,50,0,80,60,70,80,50,80,80,100,80,20,80,80,80,80,80,50,50,50,50,70,70,70,30,50,50,40,60,70,60,60,50
113,女,1-5年,护士,护士,本科,60,40,85,90,85,90,50,60,80,80,80,80,90,80,80,80,80,80,80,70,80,80,90,80,60,60,80,70,70,60,60,30,60,50,50,60,60,60,60,50
112,女,20年以上,主管护师,护士,本科,60,40,85,88,98,90,85,85,90,88,90,90,90,90,95,70,85,90,88,90,80,90,80,85,50,60,60,60,40,0,70,0,10,0,0,20,60,60,60,60
111,女,1-5年,护士,护士,本科,60,40,80,70,70,70,20,40,80,60,50,80,90,70,90,0,70,80,90,70,70,20,40,60,60,70,60,30,50,40,70,0,10,20,0,20,80,60,60,60
110,女,1-5年,护士,护士,本科,60,40,100,100,100,100,100,100,0,100,100,100,100,100,100,98,100,100,100,99,100,100,100,100,60,10,0,10,50,20,50,0,20,20,20,60,80,60,60,60
109,女,1-5年,护士,护士,大专,60,40,80,80,80,80,80,80,75,80,80,90,99,80,70,89,80,80,80,70,80,70,80,80,50,60,60,60,60,60,60,50,60,50,60,60,60,60,60,60
108,女,1-5年,护士,护士,大专,60,40,90,100,95,90,80,90,80,85,100,100,100,85,85,85,90,90,95,85,95,100,95,95,60,50,30,40,50,60,70,30,80,60,40,70,80,60,60,60
107,女,1-5年,护师,护士,本科,60,40,95,96,98,97,95,97,96,90,100,100,100,100,100,99,100,96,98,92,97,100,100,96,80,60,60,60,60,60,50,0,60,60,60,60,60,60,60,60
106,女,1-5年,护士,护士,本科,60,40,95,90,80,90,60,60,85,85,85,90,90,85,80,80,95,60,85,70,75,75,80,90,60,60,60,60,60,60,60,60,60,60,60,70,60,60,60,60
105,女,10-20 年,护师,护士,大专,60,40,100,60,50,60,0,30,60,60,0,30,60,60,30,0,60,0,60,0,60,100,0,30,70,50,70,70,60,60,70,60,60,70,60,70,80,60,60,60
104,女,5-10年,护士,护士,大专,60,40,95,96,90,82,75,80,85,80,80,90,92,80,90,78,90,80,80,80,77,80,80,83,80,60,60,60,60,60,80,60,60,60,60,60,80,60,60,70
103,女,5-10年,护师,护士,本科,60,40,95,100,95,90,75,80,90,95,90,100,100,100,100,80,95,95,100,90,100,95,95,95,70,80,70,80,70,80,80,80,80,70,80,70,80,60,60,70
102,女,5-10年,护士,护士,本科,60,40,100,100,100,100,100,100,100,100,100,100,100,100,100,100,100,100,100,100,100,100,100,100,80,40,50,60,50,50,70,50,60,30,50,60,80,60,60,80
101,女,1-5年,护士,护士,大专,60,40,90,90,90,80,60,80,80,80,80,90,90,90,100,70,90,80,80,80,80,80,70,80,50,60,70,70,70,70,30,50,60,50,50,60,80,60,60,80
100,女,1-5年,护士,护士,本科,60,40,100,90,100,90,70,90,100,98,98,100,95,98,100,90,98,90,100,80,90,95,90,98,70,60,70,65,60,65,40,60,60,68,68,60,60,60,60,90
99,女,5-10年,护师,护士,大专,60,40,98,90,90,88,72,50,85,70,85,80,95,85,80,60,85,80,85,60,75,60,72,85,70,65,70,65,70,70,70,40,60,60,30,70,80,60,65,30
98,女,10-20 年,护师,护士,大专,60,45,100,100,100,100,100,100,100,100,100,100,100,100,100,100,100,100,100,100,100,100,100,100,80,75,60,70,60,70,70,50,20,50,58,65,80,60,65,59
97,女,5-10年,护师,护士,大专,60,50,100,100,90,90,50,60,90,90,60,100,90,80,100,80,90,85,90,70,80,80,70,80,70,80,60,60,70,80,80,40,50,50,30,50,90,60,70,50
96,女,1-5年,护师,护士,本科,60,50,90,90,90,90,80,80,90,90,90,90,90,90,90,80,90,90,90,80,80,80,80,90,20,20,40,60,50,60,60,60,60,0,60,60,80,60,70,60
95,女,10-20 年,主管护师,护士长,本科,60,50,100,90,100,100,50,60,90,80,90,80,100,90,100,90,90,90,80,60,90,90,90,100,70,60,60,60,60,55,65,50,55,50,55,60,60,60,70,60
94,女,1-5年,护师,护士,本科,60,50,99,60,0,80,0,0,50,50,50,80,50,50,90,0,90,0,50,0,0,80,0,0,80,50,70,70,80,70,70,60,70,60,50,60,70,60,70,60
93,女,1-5年,护师,护士,本科,60,50,100,98,98,90,0,90,98,96,98,100,100,98,98,98,97,98,100,90,80,98,90,95,80,60,70,80,60,70,70,70,70,70,70,70,80,60,70,70
92,女,1-5年,护士,护士,大专,60,50,90,90,80,80,0,10,50,50,50,90,90,60,80,10,60,50,10,10,10,10,50,20,99,75,80,80,75,80,80,80,70,70,70,70,90,60,70,70
91,女,1-5年,护师,护士,本科,59,10,90,80,60,90,0,10,0,20,0,80,80,10,50,80,90,50,10,0,50,50,50,90,50,70,50,50,60,50,40,40,40,60,50,50,80,50,50,80
90,女,1-5年,护师,护士,本科,59,10,99,90,99,99,99,90,99,99,99,97,98,99,95,80,90,80,90,50,90,90,90,90,80,40,40,60,60,40,60,60,60,60,60,60,80,50,50,80
89,女,1-5年,护士,护士,大专,55,10,70,70,60,50,0,60,80,60,80,60,70,90,70,60,70,80,80,50,60,40,50,50,50,50,50,50,50,50,50,50,50,50,50,50,5050,50,50,60
88,女,1-5年,护师,护士,本科,55,10,100,100,100,100,80,80,90,90,100,100,100,100,100,90,95,80,95,70,95,100,90,100,60,70,50,50,60,50,60,50,60,50,30,50,80,50,50,70
87,女,1-5年,护士,护士,本科,50,0,80,100,100,80,0,0,80,90,80,80,100,100,100,80,80,100,100,80,80,100,100,100,85,80,50,50,70,80,85,10,20,28,10,50,50,10,50,60
86,女,5-10年,护师,护士,本科,50,0,70,70,80,80,60,60,80,80,80,80,80,70,80,70,80,70,70,60,60,70,70,80,60,10,60,50,60,50,50,10,10,10,30,20,50,10,60,10
85,女,10-20 年,主管护师,护士,本科,50,0,60,60,90,80,30,80,60,90,80,80,90,90,80,40,80,40,50,30,30,60,60,70,70,70,70,70,50,50,10,10,0,20,60,60,90,10,80,60
84,女,1-5年,护士,护士,大专,50,0,100,100,100,100,100,100,100,100,100,100,100,100,100,100,100,100,100,100,100,100,100,100,10,0,58,60,20,20,30,10,10,20,10,60,90,10,90,0
83,女,10-20 年,护师,护士,本科,50,0,70,90,90,85,50,50,90,95,80,95,90,85,90,0,100,80,50,20,0,0,80,80,100,0,100,60,80,0,80,0,80,0,1,80,80,10,100,10
82,女,10-20 年,主管护师,护士,本科,50,0,100,100,100,100,90,80,100,90,80,100,100,95,100,100,100,100,90,50,100,100,100,90,100,100,100,100,100,100,100,90,100,100,90,100,100,10,100,100
80,女,1-5年,护士,护士,本科,50,0,80,80,100,90,60,70,98,80,90,80,95,90,90,80,90,90,80,60,60,80,80,80,50,50,50,50,50,50,50,20,20,20,20,30,30,20,20,20
79,女,1-5年,护师,护士,本科,50,0,99,99,99,98,80,85,99,95,90,99,95,90,100,80,90,80,90,80,95,95,90,90,50,20,20,20,20,40,40,40,20,20,20,50,60,20,40,60
78,女,1-5年,护士,护士,本科,50,0,95,80,80,90,0,0,80,70,60,50,80,50,80,70,90,70,80,40,70,70,70,80,90,60,20,20,20,20,50,50,69,20,20,20,69,20,50,50
77,女,10-20 年,护师,护士长,本科,50,0,90,50,50,50,50,50,0,80,20,50,50,50,50,50,50,50,50,0,50,50,50,50,30,50,80,30,30,20,50,20,20,50,20,90,80,20,60,20
75,女,5-10年,护师,护士,本科,50,0,100,100,90,90,90,90,100,90,90,90,90,95,100,92,100,92,90,98,96,100,90,90,80,40,80,20,40,10,70,10,10,50,40,40,50,20,70,60
74,女,20年以上,主管护师,护士,本科,50,0,100,100,100,100,100,0,100,10,100,100,100,100,100,100,100,100,100,0,100,100,100,100,80,50,50,60,70,70,70,60,50,60,50,70,90,20,80,30
73,女,1-5年,护士,护士,大专,50,0,100,100,95,100,95,90,100,100,95,100,100,100,100,80,100,95,95,95,100,100,100,100,100,100,100,90,80,100,90,90,90,100,90,100,100,20,100,90
72,女,5-10年,护师,护士,本科,50,0,100,100,50,90,10,20,50,70,70,95,70,60,80,10,80,50,70,50,40,70,20,80,30,30,50,30,30,30,50,60,30,30,30,30,60,30,30,50
71,女,5-10年,护师,护士,本科,50,0,90,80,30,90,0,20,20,20,20,90,50,10,108,30,70,50,60,0,70,20,20,50,50,20,60,40,40,80,10,10,50,50,10,20,90,30,50,20
70,女,1-5年,护士,护士,本科,50,0,90,90,90,80,60,50,90,100,90,90,90,90,90,80,80,90,90,80,80,70,70,80,0,50,60,50,50,0,50,30,0,20,20,50,100,30,60,50
69,女,1-5年,护士,护士,大专,50,0,90,90,100,100,70,90,80,90,100,100,100,90,100,60,100,80,90,90,80,90,100,100,70,5,60,60,70,50,50,5,20,10,10,60,80,30,80,5
68,女,1-5年,护师,护士,大专,50,0,90,80,100,80,60,70,100,100,70,50,80,70,80,50,90,80,50,90,60,90,60,80,50,50,50,50,30,30,30,20,40,30,20,50,80,30,80,20
67,女,10-20 年,护师,护士,本科,50,0,100,100,100,80,80,80,100,100,100,100,100,100,100,100,100,100,100,80,100,80,80,100,70,40,50,70,70,50,40,40,40,40,30,50,100,30,80,20
66,女,1-5年,护士,护士,本科,50,0,90,90,80,90,80,80,80,80,80,90,90,90,90,80,80,80,80,70,80,80,80,80,80,100,100,100,100,50,80,0,50,100,30,100,80,30,80,80
65,女,5-10年,护士,护士,本科,50,0,90,80,90,70,0,50,80,90,90,100,100,100,100,50,80,50,50,60,80,90,50,70,90,50,85,85,80,85,90,30,75,45,35,85,90,30,95,60
64,女,1-5年,护师,护士,本科,50,0,70,70,70,60,50,40,60,50,60,70,70,50,60,50,70,50,60,50,60,90,70,60,100,0,0,0,80,100,80,0,30,0,0,80,100,30,100,60
63,女,10-20 年,护师,护士长,本科,50,0,90,50,80,100,20,80,80,90,70,80,90,70,80,50,90,70,60,60,80,70,50,60,50,100,100,50,50,100,80,50,80,100,50,100,100,30,100,100
62,女,1-5年,护师,护士,本科,50,0,65,70,70,60,10,50,70,80,70,70,70,70,70,60,75,65,70,60,50,50,70,70,69,10,56,63,50,63,45,5,6,6,4,45,53,36,42,42
61,女,5-10年,护师,护士,本科,50,0,90,99,90,90,60,70,90,80,80,90,90,90,90,80,90,70,80,30,80,70,80,70,40,10,50,50,40,30,49,0,30,40,1,50,30,40,20,5
60,女,1-5年,护士,护士,大专,50,0,95,90,98,95,80,90,90,90,90,90,95,95,90,90,90,90,90,80,90,90,90,95,60,60,60,60,60,50,50,60,50,60,40,60,60,40,30,0
59,女,5-10年,护士,护士,大专,50,0,80,50,50,100,10,70,50,90,70,80,90,70,60,50,100,80,20,40,50,80,80,90,20,40,30,40,20,60,10,40,20,40,30,40,50,40,50,40
58,女,5-10年,护师,护士,本科,50,0,80,50,50,100,30,70,80,80,100,90,90,90,80,70,80,70,70,70,60,70,70,70,40,80,85,30,40,60,70,0,20,70,10,65,60,40,50,45
57,女,5-10年,护师,护士,本科,50,0,90,80,100,90,0,50,80,20,80,80,80,80,70,60,80,30,50,20,80,80,50,50,70,40,60,60,70,70,40,50,50,60,50,50,70,40,50,70
56,女,1-5年,护士,护士,大专,50,0,95,98,100,100,90,90,100,100,100,100,100,100,100,90,100,90,100,90,90,90,100,100,70,30,90,60,10,80,50,10,40,20,0,100,100,40,60,60
55,女,1-5年,护士,护士,大专,50,0,90,90,90,90,60,70,70,90,80,90,90,70,80,90,90,90,90,80,85,90,80,90,60,40,60,50,60,50,50,50,50,50,40,60,70,40,60,60
54,女,1-5年,护士,护士,本科,50,0,96,96,100,100,40,90,99,90,90,100,100,90,100,70,90,80,100,90,70,70,80,90,70,0,40,50,90,75,50,0,30,0,0,0,80,40,75,70
53,女,1-5年,护士,护士,大专,50,0,70,85,90,60,70,55,80,80,80,90,80,80,95,40,80,80,70,40,40,50,50,60,80,80,50,50,50,50,50,30,40,50,40,50,80,40,80,30
51,女,5-10年,护师,护士,大专,50,0,90,90,80,70,50,70,80,70,70,70,90,80,80,60,70,70,80,60,60,80,70,70,50,0,0,0,0,0,0,0,0,0,0,50,100,50,0,0
50,女,1-5年,护士,护士,本科,50,0,100,100,90,100,100,100,90,90,90,100,100,90,100,90,100,90,100,90,100,100,100,100,99,50,100,30,30,30,80,0,0,50,0,20,50,50,40,0
49,女,5-10年,主管护师,护士,本科,50,0,80,100,90,100,0,50,80,100,70,100,100,80,100,0,90,60,70,50,60,0,70,90,80,90,80,80,50,60,70,20,50,50,10,50,90,50,50,0
48,女,5-10年,护师,护士,大专,50,0,70,70,50,10,0,0,10,10,50,100,70,50,70,50,90,10,80,0,100,0,30,10,50,50,50,50,50,50,50,50,50,50,50,50,50,50,50,0
47,女,1-5年,护师,护士,本科,50,0,8,5,9,5,5,3,5,6,3,3,5,6,9,9,6,9,5,5,5,1,5,5,100,50,50,50,50,50,80,0,50,50,50,50,50,50,50,0
46,女,1-5年,护士,护士,大专,50,1,80,80,60,50,0,10,60,10,20,50,70,60,60,0,50,0,30,0,30,0,50,20,80,70,70,70,20,70,90,0,50,60,0,60,80,50,50,0
45,女,1-5年,护士,护士,本科,50,3,85,90,50,80,50,50,90,85,60,60,70,60,75,50,80,50,75,50,60,70,70,70,50,70,70,50,50,50,70,30,50,30,30,70,90,50,50,30
44,女,1-5年,护师,护士,本科,50,6,90,50,90,70,50,0,80,20,0,90,70,40,80,30,90,10,50,0,30,0,90,50,60,60,60,50,50,70,40,40,60,50,30,50,80,50,50,30
43,女,1-5年,护士,护士,大专,50,10,100,100,100,100,100,100,100,100,100,100,100,100,100,98,98,98,100,98,98,100,100,98,50,60,60,60,50,60,60,50,50,50,40,50,60,50,50,40
42,女,5-10年,护师,护士,本科,50,10,100,100,100,50,0,0,50,50,50,0,50,0,0,0,100,0,0,0,0,0,0,50,20,10,10,10,10,10,10,0,10,10,10,80,100,50,50,50
41,女,1-5年,护士,护士,本科,50,10,70,50,50,50,10,10,50,50,50,60,50,50,50,50,50,50,40,50,50,50,50,50,50,50,50,50,0,50,50,50,50,50,0,50,50,50,50,50
40,女,1-5年,护师,护士,大专,50,10,95,90,90,90,65,70,95,90,80,90,90,90,85,60,85,85,80,70,80,90,80,90,60,60,60,60,50,60,60,0,50,50,0,60,80,50,50,50
39,女,10-20 年,护师,护士,本科,50,10,100,100,100,100,60,60,80,90,90,100,100,100,100,80,80,80,80,60,80,80,90,80,30,30,60,30,60,50,50,50,50,50,30,70,70,50,50,50
38,女,5-10年,护师,护士,本科,50,10,90,85,90,86,80,80,90,88,80,88,90,90,89,80,85,88,88,80,80,82,86,86,50,0,50,50,50,50,50,0,50,50,50,50,50,50,50,50
37,女,20年以上,主管护师,护士,中专,50,10,95,90,98,90,90,90,95,90,95,95,95,98,95,85,90,85,90,85,90,90,90,90,50,50,50,80,50,50,50,50,50,50,50,50,50,50,50,50
36,女,5-10年,护师,护士,本科,50,10,95,80,60,60,50,60,95,80,85,65,90,75,75,50,85,50,75,50,40,20,20,90,50,0,80,80,70,50,20,0,0,0,0,80,80,50,50,60
35,女,5-10年,护师,护士,本科,40,0,70,70,70,70,70,70,70,80,70,80,90,80,80,80,80,80,80,70,80,80,80,80,1,1,5,5,5,1,5,4,5,5,6,5,5,5,5,5
34,女,10-20 年,护师,护士,本科,40,0,90,90,80,90,70,70,80,80,80,90,90,90,90,80,90,80,80,70,70,70,80,90,95,10,60,50,50,30,80,10,30,5,10,70,96,5,80,30
33,女,1-5年,护士,护士,本科,40,0,80,80,10,70,0,o,o,40,10,50,60,0,60,60,60,50,50,10,10,10,50,50,7,7,6,6,7,6,6,5,7,6,6,7,9,8,8,8
32,女,10-20 年,主管护师,护士长,本科,40,0,90,90,80,90,70,60,80,80,70,80,90,80,90,70,90,80,80,70,80,80,70,80,50,10,10,18,100,10,50,10,10,18,10,10,10,10,10,40
31,女,10-20 年,护师,护士,本科,40,0,70,70,60,60,50,60,90,60,60,90,90,80,100,70,95,0,60,60,65,80,80,80,10,10,10,0,30,30,10,0,0,0,0,10,30,10,30,0
30,女,1-5年,护士,护士,本科,40,0,75,50,80,80,80,60,90,85,80,80,90,95,80,60,70,80,70,80,70,80,60,80,10,0,50,30,60,40,10,10,10,10,10,40,30,10,40,0
29,女,5-10年,护士,护士,本科,40,0,88,90,75,80,68,60,70,70,70,70,80,75,70,60,75,60,75,65,68,60,65,70,10,0,0,60,0,50,0,10,50,10,0,50,90,10,50,0
28,女,5-10年,护师,护士,本科,40,0,99,96,98,98,60,80,90,90,80,90,98,98,100,90,90,80,80,80,90,95,80,80,30,30,50,60,40,40,40,40,40,30,30,60,50,10,50,40
27,女,5-10年,护师,护士,本科,30,0,60,60,85,60,40,50,60,60,50,60,50,50,60,60,60,60,60,0,50,60,60,60,50,0,70,80,90,70,80,50,60,20,50,80,100,0,70,80
26,女,1-5年,护士,护士,大专,30,0,60,60,80,20,0,0,30,70,70,50,70,60,90,10,90,0,60,10,0,70,80,80,65,85,93,75,60,60,90,50,50,60,80,60,79,0,75,40
25,女,1-5年,护士,护士,本科,30,0,90,90,60,80,0,0,60,60,60,80,80,60,80,60,80,60,60,60,60,60,80,0,95,95,90,80,0,50,100,60,0,0,0,90,100,0,80,60
24,女,5-10年,护师,护士,本科,30,0,100,100,90,90,100,80,80,80,80,80,80,80,80,60,80,60,80,80,80,100,80,80,60,50,60,50,40,30,60,30,0,60,30,70,80,0,80,80
23,女,5-10年,护师,护士,本科,30,0,80,70,40,70,20,50,80,60,50,70,80,50,70,70,60,70,70,50,70,70,50,70,70,60,90,20,20,60,60,10,50,50,10,60,90,0,85,60
22,女,10-20 年,主管护师,护士长,本科,30,0,60,80,100,90,50,85,95,100,100,90,90,100,100,80,85,90,90,50,60,90,90,90,0,0,0,0,0,0,0,0,0,0,0,0,100,0,100,0
21,女,1-5年,护士,护士,本科,30,0,90,100,100,100,100,40,100,100,100,100,100,70,100,60,80,70,60,100,100,100,90,100,50,10,20,10,40,50,50,0,20,10,10,20,80,1,1,80
20,女,1-5年,护士,护士,大专,20,0,98,90,80,80,60,50,80,80,78,99,98,80,80,80,90,60,60,50,50,70,78,78,70,60,80,60,70,80,80,0,30,50,20,50,90,0,60,50
19,女,5-10年,护师,护士,本科,20,0,99,100,98,100,20,90,100,100,99,100,100,98,100,95,100,80,90,80,99,90,99,100,50,0,60,0,0,0,50,30,30,30,0,60,60,0,60,60
18,女,10-20 年,主管护师,护士长,本科,20,0,80,70,70,70,50,60,85,80,80,70,70,75,80,60,85,60,70,60,75,60,60,70,80,0,10,0,60,0,60,50,50,0,10,0,80,0,60,90
17,女,10-20 年,护师,护士长,本科,20,0,20,20,60,50,0,69,50,50,60,80,60,40,100,40,70,40,40,10,20,90,40,40,100,0,0,0,70,0,90,50,30,50,0,90,90,0,70,0
16,女,1-5年,护士,护士,大专,10,0,80,80,70,70,60,60,80,70,60,60,60,60,60,60,60,30,30,40,50,50,50,50,90,50,40,70,50,100,70,30,20,80,0,90,95,0,50,98
15,女,20年以上,主管护师,护士长,本科,10,0,70,90,50,60,60,40,70,80,60,90,90,80,90,50,90,70,80,40,40,50,80,90,60,0,40,30,40,0,30,0,0,0,0,30,60,0,60,0
14,女,1-5年,护士,护士,大专,10,0,90,70,90,80,0,50,90,100,60,90,80,60,90,0,90,90,80,50,50,90,50,90,80,60,50,60,0,40,80,0,0,50,10,50,80,0,60,0
13,女,5-10年,护师,护士,本科,10,0,90,80,70,95,50,60,80,70,70,70,90,80,70,40,80,40,70,60,50,50,70,80,10,10,10,0,0,10,0,0,0,0,0,50,60,0,60,10
12,女,5-10年,护师,护士,大专,10,0,70,90,90,90,20,70,80,90,40,100,100,98,80,50,90,80,80,80,70,80,70,80,90,50,60,40,50,50,30,40,10,40,30,90,90,0,60,50
11,女,10-20 年,护师,护士长,本科,8,0,100,90,50,70,70,70,80,90,80,80,70,70,70,80,80,80,70,70,70,50,70,70,10,5,10,10,10,10,0,0,0,0,0,0,80,0,50,0
10,女,5-10年,护师,护士,本科,8,0,80,70,85,60,0,60,50,80,50,60,70,50,70,60,70,80,30,60,60,60,60,60,70,30,60,50,70,0,0,0,0,0,0,30,100,0,50,60
9,女,5-10年,护师,护士,本科,0,0,98,99,95,96,95,95,96,95,95,98,98,96,98,95,99,96,96,95,97,98,97,96,10,0,10,10,0,10,0,0,0,0,0,50,80,0,0,0
8,女,1-5年,护士,护士,本科,0,0,96,95,98,96,92,92,98,95,95,95,96,96,96,94,92,91,96,94,93,95,93,95,0,60,50,50,0,0,0,0,50,50,0,50,70,0,0,0
7,女,1-5年,护士,护士,本科,0,0,80,80,100,90,50,70,90,90,90,80,80,80,80,80,80,80,80,80,80,70,80,80,50,80,50,0,0,0,0,0,0,50,0,0,90,0,0,30
5,女,1-5年,护士,护士,本科,0,0,90,60,70,90,0,10,60,80,0,50,60,10,30,50,80,50,30,10,50,10,50,80,0,0,0,80,50,0,0,0,20,0,0,0,90,0,0,50
4,女,1-5年,护士,护士,大专,0,0,80,50,90,9020,0,0,90,90,100,95,90,100,80,10,10,0,90,50,0,100,80,100,50,0,60,60,60,50,100,0,50,50,0,60,50,0,0,50
3,女,20年以上,副主任护师,护士长,本科,0,0,85,85,95,90,60,65,90,95,98,90,90,90,95,85,90,90,85,75,80,90,90,85,50,0,0,0,0,0,0,0,0,0,0,0,0,0,0,100
2,女,5-10年,主管护师,护士,本科,0,0,90,90,90,85,80,80,95,90,90,9595,95,95,95,70,90,70,80,80,80,90,80,90,10,20,30,30,30,20,20,10,20,20,20,50,60,0,30,50
1,女,20年以上,主管护师,护士长,本科,0,0,80,80,80,70,50,60,75,70,80,80,85,80,75,65,65,63,65,50,58,70,60,75,20,30,80,40,0,0,0,0,0,0,50,50,80,0,40,50
