<?xml version="1.0" encoding="UTF-8"?>
<platform-table> 
  <platform name="MT6573_S00"
		simple_name="MT6573"
		owner_name="Ning.Cui"
		dl_auto_detect_battery="false"
		image_lock_support="false"
		usb_highspeed_support="true"
		logical_addr_support="true"
		alert_no_com_port="false"
		auto_format_support="true"
		default_bmt_blocks="80"
		firmware_upgrade_enable="true"
		default_da_dl_all_hs="false"
		is_default_set_format_length="true"	
		auto_format_all_support = "true"/>

  <platform name="MT6573_S01"
		simple_name="MT6573"
		owner_name="Ning.Cui"
		dl_auto_detect_battery="false"
		image_lock_support="false"
		usb_highspeed_support="true"
		logical_addr_support="true"
		alert_no_com_port="false"
		auto_format_support="true"
		default_bmt_blocks="80"
		firmware_upgrade_enable="true"
		default_da_dl_all_hs="true"
		is_default_set_format_length="true"	
		auto_format_all_support = "true"/>

  <platform name="MT6575_S00"
		simple_name="MT6575"
		owner_name="Ning.Cui"
		dl_auto_detect_battery="true"
		image_lock_support="false"
		usb_highspeed_support="true"
		logical_addr_support="true"
		alert_no_com_port="false"
		auto_format_support="true"
		default_bmt_blocks="80"
		firmware_upgrade_enable="true"
		default_da_dl_all_hs="true"
		is_default_set_format_length="true"		
		auto_format_all_support = "true"/>

  <platform name="MT6575_S01"
		simple_name="MT6575"
		owner_name="Ning.Cui"
		dl_auto_detect_battery="true"
		nand_util_support="false"
		image_lock_support="false"
		usb_highspeed_support="true"
		logical_addr_support="true"
		alert_no_com_port="false"
		auto_format_support="true"
		default_bmt_blocks="80"
		firmware_upgrade_enable="true"
		default_da_dl_all_hs="true"
		is_default_set_format_length="true"		
		auto_format_all_support = "true"/>
		
  <platform name="MT6577_S00"
		simple_name="MT6577"
		owner_name="Ning.Cui"
		dl_auto_detect_battery="true"
		nand_util_support="false"
		image_lock_support="false"
		usb_highspeed_support="true"
		logical_addr_support="true"
		alert_no_com_port="false"
		auto_format_support="true"
		default_bmt_blocks="80"
		firmware_upgrade_enable="true"
		default_da_dl_all_hs="true"
		is_default_set_format_length="true"		
		auto_format_all_support = "true"/>

    <platform name="MT6589_S00"
		simple_name="MT6589"
		owner_name="Ning.Cui"
		dl_auto_detect_battery="true"
		nand_util_support="false"
		image_lock_support="false"
		usb_highspeed_support="true"
		logical_addr_support="true"
		alert_no_com_port="false"
		auto_format_support="true"
		default_bmt_blocks="80"
		firmware_upgrade_enable="true"
		default_da_dl_all_hs="true"
		is_default_set_format_length="true"	
		auto_format_all_support = "true"/>

    <platform name="MT6572_S00"
		simple_name="MT6572"
		owner_name="Ning.Cui"
		dl_auto_detect_battery="true"
		nand_util_support="false"
		image_lock_support="false"
		usb_highspeed_support="true"
		logical_addr_support="true"
		alert_no_com_port="false"
		auto_format_support="true"
		default_bmt_blocks="80"
		firmware_upgrade_enable="true"
		default_da_dl_all_hs="true"
		is_default_set_format_length="true"	
		auto_format_all_support = "true"
    reset_key_configuration ="PH"/>    
  <!--PH = power+home, P = power key only-->
  
  <platform name="MT6571_S00"
		simple_name="MT6571"
		owner_name="Ning.Cui"
		dl_auto_detect_battery="false"
		nand_util_support="false"
		image_lock_support="false"
		usb_highspeed_support="true"
		logical_addr_support="true"
		alert_no_com_port="false"
		auto_format_support="true"
		default_bmt_blocks="80"
		firmware_upgrade_enable="true"
		default_da_dl_all_hs="true"
		is_default_set_format_length="true"	
		auto_format_all_support = "true"
    reset_key_configuration ="PH"/>
  
    <platform name="MT6582_S00"
		simple_name="MT6582"
		owner_name="Ning.Cui"
    dl_auto_detect_battery="true"
    nand_util_support="false"
    image_lock_support="false"
    usb_highspeed_support="true"
    logical_addr_support="true"
	  alert_no_com_port="false"
		auto_format_support="true"		
		default_bmt_blocks="80"		
		firmware_upgrade_enable="true"		
		default_da_dl_all_hs="true"
		is_default_set_format_length="true"		
		auto_format_all_support = "false"
    reset_key_configuration ="PH"/>
      
     <platform name="MT8135_S00"
		simple_name="MT8135"
		owner_name="Ning.Cui"
		dl_auto_detect_battery="true"
		nand_util_support="false"
		image_lock_support="false"
		usb_highspeed_support="true"
		logical_addr_support="true"
		alert_no_com_port="false"
		auto_format_support="true"
		default_bmt_blocks="80"
		firmware_upgrade_enable="true"
		default_da_dl_all_hs="true"
		is_default_set_format_length="true"
		auto_format_all_support = "true"
    reset_key_configuration ="PH"/>  
    
    <platform name="MT8127_S00"
		simple_name="MT8127"
		owner_name="Shuai.Zhang"
		dl_auto_detect_battery="true"
		nand_util_support="false"
		image_lock_support="false"
		usb_highspeed_support="true"
		logical_addr_support="true"
		alert_no_com_port="false"
		auto_format_support="true"
		default_bmt_blocks="80"
		firmware_upgrade_enable="true"
		default_da_dl_all_hs="true"
		is_default_set_format_length="true"
		auto_format_all_support = "true"
    reset_key_configuration ="PH"/>  
    
    <platform name="MT6592_S00"
		simple_name="MT6592"
		owner_name="Ning.Cui"
    dl_auto_detect_battery="true"
    nand_util_support="false"
    image_lock_support="false"
    usb_highspeed_support="true"
    logical_addr_support="true"
	  alert_no_com_port="false"
		auto_format_support="true"		
		default_bmt_blocks="80"		
		firmware_upgrade_enable="true"		
		default_da_dl_all_hs="true"
		is_default_set_format_length="true"		
		auto_format_all_support = "true"
		is_auto_polling_enable="false"
    auto_polling_upper_limit="2"
    reset_key_configuration ="PH"
    />
    
   <platform name="MT6595_S00"
		simple_name="MT6595"
		owner_name="Xiao.Liu"
    dl_auto_detect_battery="true"
    nand_util_support="false"
    image_lock_support="false"
    usb_highspeed_support="true"
    logical_addr_support="true"
	  alert_no_com_port="false"
		auto_format_support="true"		
		default_bmt_blocks="80"		
		firmware_upgrade_enable="true"		
		default_da_dl_all_hs="true"
		is_default_set_format_length="true"		
		auto_format_all_support = "true"
		is_auto_polling_enable="false"
    auto_polling_upper_limit="2"
    reset_key_configuration ="PH"
    />
    
   <platform name="MT6752_S00"
		simple_name="MT6752"
		owner_name="Baiping.Yang"
    dl_auto_detect_battery="true"
    nand_util_support="false"
    image_lock_support="false"
    usb_highspeed_support="true"
    logical_addr_support="true"
	  alert_no_com_port="false"
		auto_format_support="true"		
		default_bmt_blocks="80"		
		firmware_upgrade_enable="true"		
		default_da_dl_all_hs="true"
		is_default_set_format_length="true"		
		auto_format_all_support = "true"
		is_auto_polling_enable="false"
    auto_polling_upper_limit="2"
    reset_key_configuration ="PH"
    />
	    <platform name="MT2601_S00"
		simple_name="MT2601"
		owner_name="Shuai.Zhang"
		dl_auto_detect_battery="true"
		nand_util_support="false"
		image_lock_support="false"
		usb_highspeed_support="true"
		logical_addr_support="true"
		alert_no_com_port="false"
		auto_format_support="true"
		default_bmt_blocks="80"
		firmware_upgrade_enable="true"
		default_da_dl_all_hs="true"
		is_default_set_format_length="true"	
		auto_format_all_support = "true"
    reset_key_configuration ="PH"/> 
	<platform name="MT6795_S00"
		simple_name="MT6795"
		owner_name="Baiping.Yang"
    dl_auto_detect_battery="true"
    nand_util_support="false"
    image_lock_support="false"
    usb_highspeed_support="true"
    logical_addr_support="true"
	  alert_no_com_port="false"
		auto_format_support="true"		
		default_bmt_blocks="80"		
		firmware_upgrade_enable="true"		
		default_da_dl_all_hs="true"
		is_default_set_format_length="true"		
		auto_format_all_support = "true"
		is_auto_polling_enable="false"
    auto_polling_upper_limit="2"
    reset_key_configuration ="PH"
    />
    <platform name="MT8173_S00"
		simple_name="MT8173"
		owner_name="Huihui.Wang"
    dl_auto_detect_battery="true"
    nand_util_support="false"
    image_lock_support="false"
    usb_highspeed_support="true"
    logical_addr_support="true"
	  alert_no_com_port="false"
		auto_format_support="true"		
		default_bmt_blocks="80"		
		firmware_upgrade_enable="true"		
		default_da_dl_all_hs="true"
		is_default_set_format_length="true"		
		auto_format_all_support = "true"
		is_auto_polling_enable="false"
    auto_polling_upper_limit="2"
    reset_key_configuration ="PH"
    />
    <platform name="MT6735_S00"
		simple_name="MT6735"
		owner_name="Shuai.Zhang"
    dl_auto_detect_battery="true"
    nand_util_support="false"
    image_lock_support="false"
    usb_highspeed_support="true"
    logical_addr_support="true"
	  alert_no_com_port="false"
		auto_format_support="true"		
		default_bmt_blocks="80"		
		firmware_upgrade_enable="true"		
		default_da_dl_all_hs="true"
		is_default_set_format_length="true"		
		auto_format_all_support = "true"
		is_auto_polling_enable="false"
    auto_polling_upper_limit="2"
    reset_key_configuration ="PH"
    />
    
    <platform name="MT6737T_S00"
		simple_name="MT6737T"
		owner_name="Shuai.Zhang"
    dl_auto_detect_battery="true"
    nand_util_support="false"
    image_lock_support="false"
    usb_highspeed_support="true"
    logical_addr_support="true"
	  alert_no_com_port="false"
		auto_format_support="true"		
		default_bmt_blocks="80"		
		firmware_upgrade_enable="true"		
		default_da_dl_all_hs="true"
		is_default_set_format_length="true"		
		auto_format_all_support = "true"
		is_auto_polling_enable="false"
    auto_polling_upper_limit="2"
    reset_key_configuration ="PH"
    />    

    <platform name="MT6735M_S00"
		simple_name="MT6735M"
		owner_name="Shuai.Zhang"
    dl_auto_detect_battery="true"
    nand_util_support="false"
    image_lock_support="false"
    usb_highspeed_support="true"
    logical_addr_support="true"
	  alert_no_com_port="false"
		auto_format_support="true"		
		default_bmt_blocks="80"		
		firmware_upgrade_enable="true"		
		default_da_dl_all_hs="true"
		is_default_set_format_length="true"		
		auto_format_all_support = "true"
		is_auto_polling_enable="false"
    auto_polling_upper_limit="2"
    reset_key_configuration ="PH"
    />
    
    <platform name="MT6737M_S00"
		simple_name="MT6737M"
		owner_name="Shuai.Zhang"
    dl_auto_detect_battery="true"
    nand_util_support="false"
    image_lock_support="false"
    usb_highspeed_support="true"
    logical_addr_support="true"
	  alert_no_com_port="false"
		auto_format_support="true"		
		default_bmt_blocks="80"		
		firmware_upgrade_enable="true"		
		default_da_dl_all_hs="true"
		is_default_set_format_length="true"		
		auto_format_all_support = "true"
		is_auto_polling_enable="false"
    auto_polling_upper_limit="2"
    reset_key_configuration ="PH"
    />    
    
    <platform name="MT6753_S00"
		simple_name="MT6753"
		owner_name="Shuai.Zhang"
    dl_auto_detect_battery="true"
    nand_util_support="false"
    image_lock_support="false"
    usb_highspeed_support="true"
    logical_addr_support="true"
	  alert_no_com_port="false"
		auto_format_support="true"		
		default_bmt_blocks="80"		
		firmware_upgrade_enable="true"		
		default_da_dl_all_hs="true"
		is_default_set_format_length="true"		
		auto_format_all_support = "true"
		is_auto_polling_enable="false"
    auto_polling_upper_limit="2"
    reset_key_configuration ="PH"
    />
    
    <platform name="MT8163_S00"
		simple_name="MT8163"
		owner_name="Huihui.Wang"
    dl_auto_detect_battery="true"
    nand_util_support="false"
    image_lock_support="false"
    usb_highspeed_support="true"
    logical_addr_support="true"
	  alert_no_com_port="false"
		auto_format_support="true"		
		default_bmt_blocks="80"		
		firmware_upgrade_enable="true"		
		default_da_dl_all_hs="true"
		is_default_set_format_length="true"		
		auto_format_all_support = "true"
		is_auto_polling_enable="false"
    auto_polling_upper_limit="2"
    reset_key_configuration ="PH"
    />
    
    <platform name="MT8590_S00"
		simple_name="MT8590"
		owner_name="Xiao.Liu"
    dl_auto_detect_battery="true"
    nand_util_support="false"
    image_lock_support="false"
    usb_highspeed_support="true"
    logical_addr_support="true"
	  alert_no_com_port="false"
		auto_format_support="true"		
		default_bmt_blocks="80"		
		firmware_upgrade_enable="true"		
		default_da_dl_all_hs="true"
		is_default_set_format_length="true"		
		auto_format_all_support = "true"
		is_auto_polling_enable="false"
    auto_polling_upper_limit="2"
    reset_key_configuration ="PH"
    />
    <platform name="MT7623_S00"
		simple_name="MT7623"
		owner_name="Xiao.Liu"
    dl_auto_detect_battery="true"
    nand_util_support="false"
    image_lock_support="false"
    usb_highspeed_support="true"
    logical_addr_support="true"
	  alert_no_com_port="false"
		auto_format_support="true"		
		default_bmt_blocks="80"		
		firmware_upgrade_enable="true"		
		default_da_dl_all_hs="true"
		is_default_set_format_length="true"		
		auto_format_all_support = "true"
		is_auto_polling_enable="false"
    auto_polling_upper_limit="2"
    reset_key_configuration ="PH"
    /> 
    <platform name="MT6580_S00"
		simple_name="MT6580"
		owner_name="Fuguo.Liu"
    dl_auto_detect_battery="true"
    nand_util_support="false"
    image_lock_support="false"
    usb_highspeed_support="true"
    logical_addr_support="true"
	  alert_no_com_port="false"
		auto_format_support="true"		
		default_bmt_blocks="80"		
		firmware_upgrade_enable="true"		
		default_da_dl_all_hs="true"
		is_default_set_format_length="true"		
		auto_format_all_support = "true"
		is_auto_polling_enable="false"
    auto_polling_upper_limit="2"
    reset_key_configuration ="PH"
    />
    <platform name="MT6570_S00"
		simple_name="MT6570"
		owner_name="Fuguo.Liu"
    dl_auto_detect_battery="true"
    nand_util_support="false"
    image_lock_support="false"
    usb_highspeed_support="true"
    logical_addr_support="true"
	  alert_no_com_port="false"
		auto_format_support="true"		
		default_bmt_blocks="80"		
		firmware_upgrade_enable="true"		
		default_da_dl_all_hs="true"
		is_default_set_format_length="true"		
		auto_format_all_support = "true"
		is_auto_polling_enable="false"
    auto_polling_upper_limit="2"
    reset_key_configuration ="PH"
    />
	   <platform name="MT6755_S00"
		simple_name="MT6755"
		owner_name="Baiping.Yang"
    dl_auto_detect_battery="true"
    nand_util_support="false"
    image_lock_support="false"
    usb_highspeed_support="true"
    logical_addr_support="true"
	  alert_no_com_port="false"
		auto_format_support="true"		
		default_bmt_blocks="80"		
		firmware_upgrade_enable="true"		
		default_da_dl_all_hs="true"
		is_default_set_format_length="true"		
		auto_format_all_support = "true"
		is_auto_polling_enable="false"
    auto_polling_upper_limit="2"
    reset_key_configuration ="PH"
    />
	   <platform name="MT6750_S00"
		simple_name="MT6750"
		owner_name="Baiping.Yang"
    dl_auto_detect_battery="true"
    nand_util_support="false"
    image_lock_support="false"
    usb_highspeed_support="true"
    logical_addr_support="true"
	  alert_no_com_port="false"
		auto_format_support="true"		
		default_bmt_blocks="80"		
		firmware_upgrade_enable="true"		
		default_da_dl_all_hs="true"
		is_default_set_format_length="true"		
		auto_format_all_support = "true"
		is_auto_polling_enable="false"
    auto_polling_upper_limit="2"
    reset_key_configuration ="PH"
    />    
	   <platform name="MT6797_S00"
		simple_name="MT6797"
		owner_name="Fuguo.Liu"
    dl_auto_detect_battery="true"
    nand_util_support="false"
    image_lock_support="false"
    usb_highspeed_support="true"
    logical_addr_support="true"
	  alert_no_com_port="false"
		auto_format_support="true"		
		default_bmt_blocks="80"		
		firmware_upgrade_enable="true"		
		default_da_dl_all_hs="true"
		is_default_set_format_length="true"		
		auto_format_all_support = "true"
		is_auto_polling_enable="false"
    auto_polling_upper_limit="2"
    reset_key_configuration ="PH"
    />  
	   <platform name="MT6757_S00"
		simple_name="MT6757"
		owner_name="Fuguo.Liu"
    dl_auto_detect_battery="true"
    nand_util_support="false"
    image_lock_support="false"
    usb_highspeed_support="true"
    logical_addr_support="true"
	  alert_no_com_port="false"
		auto_format_support="true"		
		default_bmt_blocks="80"		
		firmware_upgrade_enable="true"		
		default_da_dl_all_hs="true"
		is_default_set_format_length="true"		
		auto_format_all_support = "true"
		is_auto_polling_enable="false"
    auto_polling_upper_limit="2"
    reset_key_configuration ="PH"
    /> 
	   <platform name="ELBRUS"
		simple_name="ELBRUS"
		owner_name="Dengwei.Xu"
    dl_auto_detect_battery="true"
    nand_util_support="false"
    image_lock_support="false"
    usb_highspeed_support="true"
    logical_addr_support="true"
	  alert_no_com_port="false"
		auto_format_support="true"		
		default_bmt_blocks="80"		
		firmware_upgrade_enable="true"		
		default_da_dl_all_hs="true"
		is_default_set_format_length="true"		
		auto_format_all_support = "true"
		is_auto_polling_enable="false"
    auto_polling_upper_limit="2"
    reset_key_configuration ="PH"
    />                        
	   <platform name="MT6798_S00"
		simple_name="MT6798"
		owner_name="Huihui.Wang"
    dl_auto_detect_battery="true"
    nand_util_support="false"
    image_lock_support="false"
    usb_highspeed_support="true"
    logical_addr_support="true"
	  alert_no_com_port="false"
		auto_format_support="true"		
		default_bmt_blocks="80"		
		firmware_upgrade_enable="true"		
		default_da_dl_all_hs="true"
		is_default_set_format_length="true"		
		auto_format_all_support = "true"
		is_auto_polling_enable="false"
    auto_polling_upper_limit="2"
    reset_key_configuration ="PH"
    /> 
	   <platform name="MT0507_S00"
		simple_name="MT0507"
		owner_name="Baiping.Yang"
    dl_auto_detect_battery="true"
    nand_util_support="false"
    image_lock_support="false"
    usb_highspeed_support="true"
    logical_addr_support="true"
	  alert_no_com_port="false"
		auto_format_support="true"		
		default_bmt_blocks="80"		
		firmware_upgrade_enable="true"		
		default_da_dl_all_hs="true"
		is_default_set_format_length="true"		
		auto_format_all_support = "true"
		is_auto_polling_enable="false"
    auto_polling_upper_limit="2"
    reset_key_configuration ="PH"
    />        
</platform-table>
